Workbook

Sheet TX_PENJUALAN
A1: tx_id | B1: created_at | C1: updated_at | D1: status | E1: periode_tahun | F1: periode_bulan | G1: tanggal_bukti | H1: panen_kg | I1: harga | J1: jumlah | K1: keterangan | L1: sumber_file | M1: source_row | N1: panen_ke | O1: batch_id
A2: V3-JUAL-2026-01-0001 | B2: 2026-06-07T12:09:16.098Z | C2: 2026-06-07T12:09:16.098Z | D2: active | E2: 2026 | F2: 1 | G2: 46013 | H2: 3753 | I2: 3080 | J2: 11559240 | K2: Januari PANEN 1 | L2: BUKIT PRAGO - 2026 / harian | M2: 2 | N2: 1
A3: V3-JUAL-2026-01-0002 | B3: 2026-06-07T12:09:16.098Z | C3: 2026-06-07T12:09:16.098Z | D3: active | E3: 2026 | F3: 1 | G3: 46013 | H3: 3194 | I3: 3080 | J3: 9837520 | K3: Januari PANEN 1 | L3: BUKIT PRAGO - 2026 / harian | M3: 3 | N3: 1
A4: V3-JUAL-2026-01-0003 | B4: 2026-06-07T12:09:16.098Z | C4: 2026-06-07T12:09:16.098Z | D4: active | E4: 2026 | F4: 1 | G4: 46013 | H4: 6230 | I4: 3080 | J4: 19188400 | K4: Januari PANEN 1 | L4: BUKIT PRAGO - 2026 / harian | M4: 4 | N4: 1
A5: V3-JUAL-2026-01-0004 | B5: 2026-06-07T12:09:16.098Z | C5: 2026-06-07T12:09:16.098Z | D5: active | E5: 2026 | F5: 1 | G5: 46013 | H5: 4754 | I5: 3080 | J5: 14642320 | K5: Januari PANEN 1 | L5: BUKIT PRAGO - 2026 / harian | M5: 5 | N5: 1
A6: V3-JUAL-2026-01-0005 | B6: 2026-06-07T12:09:16.098Z | C6: 2026-06-07T12:09:16.098Z | D6: active | E6: 2026 | F6: 1 | G6: 46013 | H6: 3822 | I6: 3060 | J6: 11695320 | K6: Januari PANEN 1 | L6: BUKIT PRAGO - 2026 / harian | M6: 6 | N6: 1
A7: V3-JUAL-2026-01-0006 | B7: 2026-06-07T12:09:16.102Z | C7: 2026-06-07T12:09:16.102Z | D7: active | E7: 2026 | F7: 1 | G7: 46026 | H7: 5278 | I7: 3080 | J7: 16256240 | K7: Januari PANEN 2 | L7: BUKIT PRAGO - 2026 / harian | M7: 20 | N7: 2
A8: V3-JUAL-2026-01-0007 | B8: 2026-06-07T12:09:16.102Z | C8: 2026-06-07T12:09:16.102Z | D8: active | E8: 2026 | F8: 1 | G8: 46026 | H8: 5392 | I8: 3080 | J8: 16607360 | K8: Januari PANEN 2 | L8: BUKIT PRAGO - 2026 / harian | M8: 21 | N8: 2
A9: V3-JUAL-2026-01-0008 | B9: 2026-06-07T12:09:16.102Z | C9: 2026-06-07T12:09:16.102Z | D9: active | E9: 2026 | F9: 1 | G9: 46026 | H9: 4511 | I9: 3050 | J9: 13758550 | K9: Januari PANEN 2 | L9: BUKIT PRAGO - 2026 / harian | M9: 22 | N9: 2
A10: V3-JUAL-2026-01-0009 | B10: 2026-06-07T12:09:16.102Z | C10: 2026-06-07T12:09:16.102Z | D10: active | E10: 2026 | F10: 1 | G10: 46026 | H10: 3026 | I10: 3050 | J10: 9229300 | K10: Januari PANEN 2 | L10: BUKIT PRAGO - 2026 / harian | M10: 23 | N10: 2
A11: V3-JUAL-2026-02-0001 | B11: 2026-06-07T12:09:16.105Z | C11: 2026-06-07T12:09:16.106Z | D11: active | E11: 2026 | F11: 1 | G11: 46041 | H11: 3464 | I11: 3070 | J11: 10634480 | K11: Januari PANEN 3 | L11: BUKIT PRAGO - 2026 / harian | M11: 38 | N11: 3
A12: V3-JUAL-2026-02-0002 | B12: 2026-06-07T12:09:16.106Z | C12: 2026-06-07T12:09:16.106Z | D12: active | E12: 2026 | F12: 1 | G12: 46041 | H12: 2172 | I12: 3090 | J12: 6711480 | K12: Januari PANEN 3 | L12: BUKIT PRAGO - 2026 / harian | M12: 39 | N12: 3
A13: V3-JUAL-2026-02-0003 | B13: 2026-06-07T12:09:16.106Z | C13: 2026-06-07T12:09:16.106Z | D13: active | E13: 2026 | F13: 1 | G13: 46041 | H13: 5287 | I13: 3090 | J13: 16336830 | K13: Januari PANEN 3 | L13: BUKIT PRAGO - 2026 / harian | M13: 40 | N13: 3
... A54: V3-JUAL-2026-06-0008 | B54: 2026-06-07T12:09:16.128Z | C54: 2026-06-07T12:09:16.128Z | D54: active | E54: 2026 | F54: 6 | G54: 46179 | H54: 6849 | I54: 3400 | J54: 23286600 | K54: Juni PANEN 1 | L54: BUKIT PRAGO - 2026 / harian | M54: 203 | N54: 1
A55: PNJ_V3INPUT_2026_6_PANEN2_20260618_222734_001 | B55: 46191.936 | D55: active | E55: 2026 | F55: 6 | G55: 46191 | H55: 5732 | I55: 3450 | J55: 19775400 | K55: Juni PANEN 2 | M55: INPUT_SHEET_V3 | N55: 2 | O55: V3INPUT_2026_6_PANEN2_20260618_222734
A56: PNJ_V3INPUT_2026_6_PANEN2_20260618_222734_002 | B56: 46191.936 | D56: active | E56: 2026 | F56: 6 | G56: 46191 | H56: 4449 | I56: 3450 | J56: 15349050 | K56: Juni PANEN 2 | M56: INPUT_SHEET_V3 | N56: 2 | O56: V3INPUT_2026_6_PANEN2_20260618_222734
A57: PNJ_V3INPUT_2026_6_PANEN2_20260618_222734_003 | B57: 46191.936 | D57: active | E57: 2026 | F57: 6 | G57: 46191 | H57: 4772 | I57: 3390 | J57: 16177080 | K57: Juni PANEN 2 | M57: INPUT_SHEET_V3 | N57: 2 | O57: V3INPUT_2026_6_PANEN2_20260618_222734
A58: PNJ_V3INPUT_2026_6_PANEN2_20260618_222734_004 | B58: 46191.936 | D58: active | E58: 2026 | F58: 6 | G58: 46191 | H58: 4651 | I58: 3390 | J58: 15766890 | K58: Juni PANEN 2 | M58: INPUT_SHEET_V3 | N58: 2 | O58: V3INPUT_2026_6_PANEN2_20260618_222734
A59: PNJ_V3INPUT_2026_6_PANEN2_20260618_222734_005 | B59: 46191.936 | D59: active | E59: 2026 | F59: 6 | G59: 46191 | H59: 4914 | I59: 3390 | J59: 16658460 | K59: Juni PANEN 2 | M59: INPUT_SHEET_V3 | N59: 2 | O59: V3INPUT_2026_6_PANEN2_20260618_222734
A60: PNJ_V3INPUT_2026_7_PANEN1_20260702_210109_001 | B60: 46205.876 | D60: active | E60: 2026 | F60: 7 | G60: 46205 | H60: 6208 | I60: 3420 | J60: 21231360 | K60: Juli PANEN 1 | M60: INPUT_SHEET_V3 | N60: 1 | O60: V3INPUT_2026_7_PANEN1_20260702_210109
A61: PNJ_V3INPUT_2026_7_PANEN1_20260702_210109_002 | B61: 46205.876 | D61: active | E61: 2026 | F61: 7 | G61: 46205 | H61: 5894 | I61: 3420 | J61: 20157480 | K61: Juli PANEN 1 | M61: INPUT_SHEET_V3 | N61: 1 | O61: V3INPUT_2026_7_PANEN1_20260702_210109
A62: PNJ_V3INPUT_2026_7_PANEN1_20260702_210109_003 | B62: 46205.876 | D62: active | E62: 2026 | F62: 7 | G62: 46205 | H62: 5665 | I62: 3390 | J62: 19204350 | K62: Juli PANEN 1 | M62: INPUT_SHEET_V3 | N62: 1 | O62: V3INPUT_2026_7_PANEN1_20260702_210109
A63: PNJ_V3INPUT_2026_7_PANEN1_20260702_210109_004 | B63: 46205.876 | D63: active | E63: 2026 | F63: 7 | G63: 46205 | H63: 2886 | I63: 3390 | J63: 9783540 | K63: Juli PANEN 1 | M63: INPUT_SHEET_V3 | N63: 1 | O63: V3INPUT_2026_7_PANEN1_20260702_210109
A64: PNJ_V3INPUT_2026_7_PANEN1_20260702_210109_005 | B64: 46205.876 | D64: active | E64: 2026 | F64: 7 | G64: 46205 | H64: 3792 | I64: 3390 | J64: 12854880 | K64: Juli PANEN 1 | M64: INPUT_SHEET_V3 | N64: 1 | O64: V3INPUT_2026_7_PANEN1_20260702_210109
A65: PNJ_V3INPUT_2026_7_PANEN1_20260702_210109_006 | B65: 46205.876 | D65: active | E65: 2026 | F65: 7 | G65: 46205 | H65: 6230 | I65: 3390 | J65: 21119700 | K65: Juli PANEN 1 | M65: INPUT_SHEET_V3 | N65: 1 | O65: V3INPUT_2026_7_PANEN1_20260702_210109

Sheet TARGET_PRODUKSI
A1: tahun | B1: target_kg | C1: jan_kg | D1: feb_kg | E1: mar_kg | F1: apr_kg | G1: mei_kg | H1: jun_kg | I1: jul_kg | J1: agu_kg | K1: sep_kg | L1: okt_kg | M1: nov_kg | N1: des_kg | O1: target_source | P1: recommendation_level | Q1: analysis_years | R1: analysis_quality | S1: analysis_snapshot_json | T1: analysis_updated_at | U1: smart_version | V1: keterangan | W1: status | X1: created_at | Y1: updated_at
A2: 2026 | B2: 604700 | C2: 33982 | D2: 31918 | E2: 36923 | F2: 56436 | G2: 52247 | H2: 47439 | I2: 48319 | J2: 47415 | K2: 54648 | L2: 73547 | M2: 56235 | N2: 65591 | O2: ensemble_trend_seasonal | P2: optimistic | Q2: 2024.2025 | R2: rendah | S2: {"ok":true,"nonBlocking":true,"targetYear":2026,"smartVersion":"V3_TARGET_ENSEMBLE_MONTHLY_BACKTEST_SAFE","mode":"FALLBACK_2_YEAR_ADAPTIVE","quality":"rendah","yearsUsed":[2024,2025],"annuals":[{"year":2024,"totalKg":331247,"monthlyKg":[18225,15406,19273,20907,32432,29426,26774,22783,25738,57226,29735,33322],"source":"ARCHIVE_PENJUALAN"},{"year":2025,"totalKg":481232,"monthlyKg":[26186,24732,28556,57628,39913,34177,37218,38636,46834,47935,44201,55216],"source":"ARCHIVE_PENJUALAN"}],"totalHistoryKg":812479,"monthlyWeights":[0.0561958174904943,0.052783269961977186,0.06106083650190114,0.09332889733840304,0.08640114068441064,0.07845057034220532,0.07990494296577946,0.0784106463878327,0.09037262357414448,0.1216254752851711,0.09299619771863119,0.10846958174904943],"monthlyWeightPct":[5.62,5.28,6.11,9.33,8.64,7.85,7.99,7.84,9.04,12.16,9.3,10.85],"monthlyForecastKg":[29559,27764,32118,49091,45447,41265,42030,41244,47536,63975,48916,57055],"recommendations":{"conservative":447400,"normal":526000,"optimistic":604700},"recommendedTargetKg":526000,"dominantModel":"Tren Tahunan Berbobot (fallback)","models":[{"key":"weightedTrend","name":"Tren Tahunan Berbobot","forecastKg":460611,"weightPct":50,"mape":null,"biasPct":null,"periods":0},{"key":"robustSeasonal","name":"Tren Robust Musiman","forecastKg":580162,"weightPct":35,"mape":null,"biasPct":null,"periods":0},{"key":"holtWinters","name":"Holt-Winters Musiman","forecastKg":617908,"weightPct":15,"mape":null,"biasPct":null,"periods":0}],"anomalyCount":0,"uncertaintyPct":14.95,"modelDispersionPct":14.95,"weightingBasis":"Bobot fallback adaptif untuk 2 tahun data","biasCorrectionPct":0,"backtest":{"available":false,"periods":0,"mape":null,"maeKg":null,"biasPct":null},"note":"Backtest belum cukup. Sistem memakai bobot fallback adaptif dan transparan untuk 2 tahun data; rentang ketidakpastian juga memperhitungkan selisih prediksi antar-model.","message":""} | T2: 46192.489 | U2: V3_TARGET_ENSEMBLE_MONTHLY_BACKTEST_SAFE | V2: Target produksi fallback adaptif 2 tahun optimistis tahun 2026 — histori 2024, 2025 | W2: active | X2: 46187.638 | Y2: 46191.608

Sheet ARCHIVE_TARGET_PRODUKSI
A1: tahun | B1: target_kg | C1: jan_kg | D1: feb_kg | E1: mar_kg | F1: apr_kg | G1: mei_kg | H1: jun_kg | I1: jul_kg | J1: agu_kg | K1: sep_kg | L1: okt_kg | M1: nov_kg | N1: des_kg | O1: target_source | P1: recommendation_level | Q1: analysis_years | R1: analysis_quality | S1: smart_version | T1: keterangan | U1: status | V1: created_at | W1: updated_at | X1: archived_at | Y1: archive_version | Z1: closed_year | AA1: closed_to_year | AB1: close_year_batch_id

Sheet YEAR_STATUS
A1: periode_tahun | B1: status_tahun | C1: locked | D1: closed_at | E1: closed_by | F1: backup_file | G1: backup_file_id | H1: backup_generated_at | I1: summary_json | J1: version | K1: updated_at | L1: catatan
A2: 2026 | B2: OPEN | C2: FALSE | J2: V3_YEAR_CLOSING_8F_ROLLBACK_ACTIVE_2026_SAFE | K2: 46182.573 | L2: Rollback 8F: 2026 dikembalikan sebagai tahun berjalan OPEN karena operasional masih 2026.

Sheet SOURCE_2026_RAW
A1: Januari | B1: PANEN 1 | C1: x | D1: harga | E1: Jumlah | F1: BIAYA 1 | G1: keterangan | H1: Jumlah | I1: keterangan | J1: Jumlah | K1: pinjaman | L1: Jumlah
A2: 46378 | B2: 3,753 Kg | C2: x | D2: 3.08 | E2: Rp 11,559,240 | F2: ongkos mobil | G2: 21.753 x Rp 120 | H2: Rp 2,610,360 | I2: kas | J2: Rp 14,000,000
B3: 3,194 Kg | C3: x | D3: 3.08 | E3: Rp 9,837,520 | F3: upah panen | G3: 21.753 x Rp 170 | H3: Rp 3,698,010 | I3: panen 1 | J3: Rp 66,922,800
B4: 6,230 Kg | C4: x | D4: 3.08 | E4: Rp 19,188,400 | F4: brondolan | H4: 700 | I4: biaya 1 | J4: Rp 31,133,370
B5: 4,754 Kg | C5: x | D5: 3.08 | E5: Rp 14,642,320 | F5: SPSI | H5: 250 | I5: pinjaman | J5: Rp 6,000,000
B6: 3,822 Kg | C6: x | D6: 3.06 | E6: Rp 11,695,320 | F6: borate | G6: 29 karung x 490.000 | H6: Rp 14,210,000 | I6: potong pinjaman
E7: ⏳ | F7: premi pupuk | H7: Rp 1,400,000
B8: 21,753 Kg | E8: Rp 66,922,800 | F8: PLN | H8: 220 | I8: total | J8: Rp 43,789,430
F9: injektor hilux | H9: Rp 4,715,000 | I9: transfer | J9: Rp 43,789,430
F10: bibit | H10: Rp 2,000,000 | I10: sisa | J10: Rp -
F11: berobat anggota | H11: 100
F12: beras | H12: Rp 1,230,000
I14: Profit: | J14: Rp 35,789,430
G18: total | H18: Rp 31,133,370
A19: Januari | B19: PANEN 2 | C19: x | D19: harga | E19: Jumlah | F19: BIAYA 2 | G19: keterangan | H19: Jumlah | I19: keterangan | J19: Jumlah | K19: pinjaman | L19: Jumlah
A20: 46026 | B20: 5,278 Kg | C20: x | D20: 3.08 | E20: Rp 16,256,240 | F20: ongkos mobil | G20: 18.207 x Rp 120 | H20: Rp 2,184,840 | I20: kas
B21: 5,392 Kg | C21: x | D21: 3.08 | E21: Rp 16,607,360 | F21: upah panen | G21: 18.207 x Rp 170 | H21: Rp 3,095,190 | I21: panen 2 | J21: Rp 55,851,450
B22: 4,511 Kg | C22: x | D22: 3.05 | E22: Rp 13,758,550 | F22: brondolan | H22: 700 | I22: biaya 2 | J22: Rp 23,185,030
B23: 3,026 Kg | C23: x | D23: 3.05 | E23: Rp 9,229,300 | F23: SPSI | H23: 200 | I23: pinjaman
E24: ⏳ | F24: gaji along, ijal | H24: Rp 4,500,000 | I24: potong pinjaman | J24: Rp 6,000,000
E25: ⏳ | F25: durian | H25: 500
B26: 18,207 Kg | E26: Rp 55,851,450 | F26: jangkos | H26: Rp 6,000,000 | I26: total | J26: Rp 38,666,420
F27: babat | G27: 1,4 Ha x 750.000 | H27: Rp 1,050,000 | I27: transfer | J27: Rp 32,000,000
F28: lansir | H28: 750 | I28: sisa | J28: Rp 6,666,420
F29: ayam tahun baru | H29: 330
F30: kabel PLN | H30: 100
F31: babat | G31: harian | H31: 800
F32: tunas | G32: 850 btg x 3.500 | H32: Rp 2,975,000 | I32: Profit | J32: Rp 32,666,420
G36: total | H36: Rp 23,185,030
A37: Februari | B37: PANEN 1 | C37: x | D37: harga | E37: Jumlah | F37: BIAYA 1 | G37: keterangan | H37: Jumlah | I37: keterangan | J37: Jumlah | K37: pinjaman | L37: Jumlah
A38: 46041 | B38: 3,464 Kg | C38: x | D38: 3.07 | E38: Rp 10,634,480 | F38: ongkos mobil | G38: 20.807 x Rp 120 | H38: Rp 2,496,840 | I38: kas | J38: Rp 6,000,000
B39: 2,172 Kg | C39: x | D39: 3.09 | E39: Rp 6,711,480 | F39: upah panen | G39: 20.807 x Rp 170 | H39: Rp 3,537,190 | I39: panen 1 | J39: Rp 64,103,490
B40: 5,287 Kg | C40: x | D40: 3.09 | E40: Rp 16,336,830 | F40: brondolan | H40: 700 | I40: biaya 1 | J40: Rp 25,689,030
B41: 6,043 Kg | C41: x | D41: 3.07 | E41: Rp 18,552,010 | F41: SPSI | H41: 250 | I41: pinjaman | J41: Rp 6,000,000
B42: 3,841 Kg | C42: x | D42: 3.09 | E42: Rp 11,868,690 | F42: dolomit | G42: 128 karung x 50.000 | H42: Rp 6,400,000 | I42: potong pinjaman
E43: ⏳ | F43: premi pupuk | H43: Rp 3,200,000
B44: 20,807 Kg | E44: Rp 64,103,490 | F44: ongkos pupuk | H44: 400 | I44: total | J44: Rp 38,414,460
F45: PLN | G45: 2 kali | H45: 220 | I45: transfer | J45: Rp 23,000,000
F46: mancang | H46: 150 | I46: sisa | J46: Rp 15,414,460
F47: kir hilux + service | H47: Rp 1,785,000
F48: lunas pintu + pasang | G48: 4.300.000 + 1.500.000 | H48: Rp 5,800,000
F49: lansir | H49: 750
I50: Profit | J50: Rp 38,414,460
G54: total | H54: Rp 25,689,030
A55: Februari | B55: PANEN 2 | C55: x | D55: harga | E55: Jumlah | F55: BIAYA 2 | G55: keterangan | H55: Jumlah | I55: keterangan | J55: Jumlah | K55: pinjaman | L55: Jumlah
A56: 46055 | B56: 5,655 Kg | C56: x | D56: 3.34 | E56: Rp 18,887,700 | F56: ongkos mobil | G56: 20.534 x Rp 120 | H56: Rp 2,464,080 | I56: kas | J56: Rp 15,000,000 | K56: tukang | L56: 500
B57: 5,820 Kg | C57: x | D57: 3.37 | E57: Rp 19,613,400 | F57: upah panen | G57: 20.534 x Rp 170 | H57: Rp 3,490,780 | I57: panen 2 | J57: Rp 69,475,890
B58: 4,879 Kg | C58: x | D58: 3.41 | E58: Rp 16,637,390 | F58: brondolan | H58: 700 | I58: biaya 2 | J58: Rp 57,499,860
B59: 4,180 Kg | C59: x | D59: 3.43 | E59: Rp 14,337,400 | F59: SPSI | H59: 200 | I59: pinjaman
E60: ⏳ | F60: pupuk RP | G60: 126 karung x 120.000 | H60: Rp 15,120,000 | I60: potong pinjaman | J60: Rp 6,000,000
E61: ⏳ | F61: premi pupuk | G61: 126 karung x 25.000 | H61: Rp 3,150,000
B62: 20,534 Kg | E62: Rp 69,475,890 | F62: ongkos pupuk + susun | G62: 400.000 + 100.000 | H62: 500 | I62: total | J62: Rp 32,976,030
F63: gaji along, ijal | H63: Rp 4,500,000 | I63: transfer
F64: belanjaan pintu | H64: Rp 2,490,000 | I64: sisa | J64: Rp 32,976,030
F65: pajak hilux | H65: Rp 5,200,000
F66: jangkos | G66: 19 mobil x 500.000 | H66: Rp 9,500,000
F67: kabel PLN | H67: Rp 1,500,000
F68: tunas | G68: 140 btg x 4.000 | H68: 560 | I68: Profit: | J68: Rp 11,976,030
F69: babat | G69: 9,5 ha x 750.000 | H69: Rp 7,125,000
F70: DP pintu | H70: Rp 1,000,000
G72: total | H72: Rp 57,499,860
A73: Maret | B73: PANEN 1 | C73: x | D73: harga | E73: Jumlah | F73: BIAYA 1 | G73: keterangan | H73: Jumlah | I73: keterangan | J73: Jumlah | K73: pinjaman | L73: Jumlah
A74: 46068 | B74: 4,449 Kg | C74: x | D74: 3.3 | E74: Rp 14,681,700 | F74: ongkos mobil | G74: 16.677 x Rp 120 | H74: Rp 2,001,240 | I74: kas | J74: Rp 32,000,000 | K74: tukang | L74: 500
B75: 4,836 Kg | C75: x | D75: 3.3 | E75: Rp 15,958,800 | F75: upah panen | G75: 16.677 x Rp 170 | H75: Rp 2,835,090 | I75: panen 1 | J75: Rp 55,034,100 | K75: DP pintu | L75: Rp 1,000,000
B76: 3,590 Kg | C76: x | D76: 3.3 | E76: Rp 11,847,000 | F76: brondolan | H76: 700 | I76: biaya 1 | J76: Rp 56,729,330
B77: 3,802 Kg | C77: x | D77: 3.3 | E77: Rp 12,546,600 | F77: SPSI | H77: 200 | I77: pinjaman | J77: Rp 4,000,000
E78: ⏳ | F78: urea | G78: 76 karung x 410.000 | H78: Rp 31,160,000 | I78: potong pinjaman
E79: ⏳ | F79: premi pupuk | G79: 89 karung x 25.000 | H79: Rp 2,225,000
B80: 16,677 Kg | E80: Rp 55,034,100 | F80: ongkos pupuk + susun | G80: 400.000 + 100.000 | H80: 500 | I80: total | J80: Rp 26,304,770
F81: Las angkong + ban | H81: 270 | I81: transfer | J81: Rp 24,500,000
F82: PLN | H82: 220 | I82: sisa | J82: Rp 1,804,770
F83: babat | G83: harian | H83: 400
F84: urea | G84: 13 karung x 420.000 | H84: Rp 5,460,000
F85: jok mobil | H85: Rp 2,000,000
F86: jangkos | G86: 12 mbl x 500.000 | H86: Rp 6,000,000 | I86: Profit: | J86: Rp (1,695,230)
F87: konsen | H87: Rp 2,000,000
F88: beras | H88: 758
G90: total | H90: Rp 56,729,330
A91: Maret | B91: PANEN 2 | C91: x | D91: harga | E91: Jumlah | F91: BIAYA 2 | G91: keterangan | H91: Jumlah | I91: keterangan | J91: Jumlah | K91: pinjaman | L91: Jumlah
A92: 46080 | B92: 3,899 Kg | C92: x | D92: 3.21 | E92: Rp 12,515,790 | F92: ongkos mobil | G92: 30.204 x Rp 120 | H92: Rp 3,624,480 | I92: kas | J92: Rp 1,804,770 | K92: tukang | L92: 500
B93: 5,810 Kg | C93: x | D93: 3.21 | E93: Rp 18,650,100 | F93: upah panen | G93: 30.204 x Rp 170 | H93: Rp 5,134,680 | I93: panen 2 | J93: Rp 102,378,720 | K93: DP pintu | L93: Rp 1,000,000
B94: 4,982 Kg | C94: x | D94: 3.24 | E94: Rp 16,141,680 | F94: brondolan | H94: Rp 1,400,000 | I94: biaya 2 | J94: Rp 54,321,160 | K94: DP pintu | L94: Rp 2,000,000
A95: 46094 | B95: 6,668 Kg | C95: x | D95: 3.55 | E95: Rp 23,671,400 | F95: SPSI | H95: 300 | I95: pinjaman | J95: Rp 4,500,000 | K95: anggota | L95: Rp 4,000,000
B96: 3,539 Kg | C96: x | D96: 3.55 | E96: Rp 12,563,450 | F96: premi pupuk borate | G96: harian | H96: Rp 1,200,000 | I96: potong pinjaman | J96: Rp 4,000,000
B97: 5,306 Kg | C97: x | D97: 3.55 | E97: Rp 18,836,300 | F97: babat | G97: harian | H97: Rp 1,800,000
B98: 30,204 Kg | E98: Rp 102,378,720 | F98: PLN | H98: 220 | I98: total | J98: Rp 49,362,330
F99: konsen | H99: Rp 3,000,000 | I99: transfer | J99: Rp 49,000,000
F100: bon anggota berhenti | H100: Rp 1,098,000 | I100: sisa | J100: 362.33
F101: gaji along, ijal | H101: Rp 4,500,000
F102: babat | H102: Rp 6,375,000
F103: borate | G103: 3 karung x 520.000 | H103: Rp 1,560,000
F104: pupuk abu ( KCL ) | G104: 6.120 x 2.300 | H104: Rp 14,076,000 | I104: Profit: | J104: Rp 48,057,560
F105: ongkos abu ( KCL ) | H105: 400
F106: THR | H106: Rp 7,500,000
F107: beras + minum | H107: Rp 2,133,000
G108: total | H108: Rp 54,321,160
A109: Maret | B109: PANEN 2 | C109: x | D109: harga | E109: Jumlah | F109: BIAYA 2 | G109: keterangan | H109: Jumlah | I109: keterangan | J109: Jumlah | K109: pinjaman | L109: Jumlah
A110: 46108 | B110: 4,093 Kg | C110: x | D110: 3.57 | E110: Rp 14,612,010 | F110: ongkos mobil | G110: 22.106 x Rp 120 | H110: Rp 2,652,720 | I110: kas | K110: tukang | L110: 500
B111: 7,983 Kg | C111: x | D111: 3.54 | E111: Rp 28,259,820 | F111: upah panen | G111: 22.106 x Rp 170 | H111: Rp 3,758,020 | I111: panen 1 | J111: Rp 78,506,370 | K111: Dp pintu | L111: Rp 1,000,000
B112: 5,752 Kg | C112: x | D112: 3.54 | E112: Rp 20,362,080 | F112: brondolan | H112: 700 | I112: biaya 1 | J112: Rp 44,351,740 | K112: Dp pintu | L112: Rp 2,000,000
...

Sheet TX_BIAYA
A1: tx_id | B1: created_at | C1: updated_at | D1: status | E1: periode_tahun | F1: periode_bulan | G1: tanggal_bukti | H1: kategori | I1: biaya | J1: keterangan | K1: jumlah | L1: sumber_file | M1: source_row | N1: panen_ke | O1: batch_id
A2: V3-BIAYA-2026-01-0001 | B2: 2026-06-07T12:09:16.098Z | C2: 2026-06-07T12:09:16.098Z | D2: active | E2: 2026 | F2: 1 | G2: 46013 | H2: panen | I2: ongkos mobil | J2: 21.753 x Rp 120 | K2: 2610360 | L2: BUKIT PRAGO - 2026 / harian | M2: 2 | N2: 1
A3: V3-BIAYA-2026-01-0002 | B3: 2026-06-07T12:09:16.098Z | C3: 2026-06-07T12:09:16.098Z | D3: active | E3: 2026 | F3: 1 | G3: 46013 | H3: panen | I3: upah panen | J3: 21.753 x Rp 170 | K3: 3698010 | L3: BUKIT PRAGO - 2026 / harian | M3: 3 | N3: 1
A4: V3-BIAYA-2026-01-0003 | B4: 2026-06-07T12:09:16.098Z | C4: 2026-06-07T12:09:16.098Z | D4: active | E4: 2026 | F4: 1 | G4: 46013 | H4: panen | I4: brondolan | K4: 700000 | L4: BUKIT PRAGO - 2026 / harian | M4: 4 | N4: 1
A5: V3-BIAYA-2026-01-0004 | B5: 2026-06-07T12:09:16.098Z | C5: 2026-06-07T12:09:16.098Z | D5: active | E5: 2026 | F5: 1 | G5: 46013 | H5: panen | I5: SPSI | K5: 250000 | L5: BUKIT PRAGO - 2026 / harian | M5: 5 | N5: 1
A6: V3-BIAYA-2026-01-0005 | B6: 2026-06-07T12:09:16.098Z | C6: 2026-06-07T12:09:16.098Z | D6: active | E6: 2026 | F6: 1 | G6: 46013 | H6: pupuk | I6: borate | J6: 29 karung x 490.000 | K6: 14210000 | L6: BUKIT PRAGO - 2026 / harian | M6: 6 | N6: 1
A7: V3-BIAYA-2026-01-0006 | B7: 2026-06-07T12:09:16.098Z | C7: 2026-06-07T12:09:16.098Z | D7: active | E7: 2026 | F7: 1 | G7: 46013 | H7: pupuk | I7: premi pupuk | K7: 1400000 | L7: BUKIT PRAGO - 2026 / harian | M7: 7 | N7: 1
A8: V3-BIAYA-2026-01-0007 | B8: 2026-06-07T12:09:16.098Z | C8: 2026-06-07T12:09:16.098Z | D8: active | E8: 2026 | F8: 1 | G8: 46013 | H8: alat_bbm_mesin | I8: PLN | K8: 220000 | L8: BUKIT PRAGO - 2026 / harian | M8: 8 | N8: 1
A9: V3-BIAYA-2026-01-0008 | B9: 2026-06-07T12:09:16.098Z | C9: 2026-06-07T12:09:16.098Z | D9: active | E9: 2026 | F9: 1 | G9: 46013 | H9: alat_bbm_mesin | I9: injektor hilux | K9: 4715000 | L9: BUKIT PRAGO - 2026 / harian | M9: 9 | N9: 1
A10: V3-BIAYA-2026-01-0009 | B10: 2026-06-07T12:09:16.098Z | C10: 2026-06-07T12:09:16.098Z | D10: active | E10: 2026 | F10: 1 | G10: 46013 | H10: serba_serbi | I10: bibit | K10: 2000000 | L10: BUKIT PRAGO - 2026 / harian | M10: 10 | N10: 1
A11: V3-BIAYA-2026-01-0010 | B11: 2026-06-07T12:09:16.098Z | C11: 2026-06-07T12:09:16.098Z | D11: active | E11: 2026 | F11: 1 | G11: 46013 | H11: serba_serbi | I11: berobat anggota | K11: 100000 | L11: BUKIT PRAGO - 2026 / harian | M11: 11 | N11: 1
A12: V3-BIAYA-2026-01-0011 | B12: 2026-06-07T12:09:16.098Z | C12: 2026-06-07T12:09:16.098Z | D12: active | E12: 2026 | F12: 1 | G12: 46013 | H12: serba_serbi | I12: beras | K12: 1230000 | L12: BUKIT PRAGO - 2026 / harian | M12: 12 | N12: 1
A13: V3-BIAYA-2026-01-0012 | B13: 2026-06-07T12:09:16.102Z | C13: 2026-06-07T12:09:16.102Z | D13: active | E13: 2026 | F13: 1 | G13: 46026 | H13: panen | I13: ongkos mobil | J13: 18.207 x Rp 120 | K13: 2184840 | L13: BUKIT PRAGO - 2026 / harian | M13: 20 | N13: 2
A14: V3-BIAYA-2026-01-0013 | B14: 2026-06-07T12:09:16.102Z | C14: 2026-06-07T12:09:16.102Z | D14: active | E14: 2026 | F14: 1 | G14: 46026 | H14: panen | I14: upah panen | J14: 18.207 x Rp 170 | K14: 3095190 | L14: BUKIT PRAGO - 2026 / harian | M14: 21 | N14: 2
A15: V3-BIAYA-2026-01-0014 | B15: 2026-06-07T12:09:16.102Z | C15: 2026-06-07T12:09:16.102Z | D15: active | E15: 2026 | F15: 1 | G15: 46026 | H15: panen | I15: brondolan | K15: 700000 | L15: BUKIT PRAGO - 2026 / harian | M15: 22 | N15: 2
A16: V3-BIAYA-2026-01-0015 | B16: 2026-06-07T12:09:16.102Z | C16: 2026-06-07T12:09:16.102Z | D16: active | E16: 2026 | F16: 1 | G16: 46026 | H16: panen | I16: SPSI | K16: 200000 | L16: BUKIT PRAGO - 2026 / harian | M16: 23 | N16: 2
A17: V3-BIAYA-2026-01-0016 | B17: 2026-06-07T12:09:16.103Z | C17: 2026-06-07T12:09:16.103Z | D17: active | E17: 2026 | F17: 1 | G17: 46026 | H17: tenaga_kerja | I17: gaji along, ijal | K17: 4500000 | L17: BUKIT PRAGO - 2026 / harian | M17: 24 | N17: 2
A18: V3-BIAYA-2026-01-0017 | B18: 2026-06-07T12:09:16.103Z | C18: 2026-06-07T12:09:16.103Z | D18: active | E18: 2026 | F18: 1 | G18: 46026 | H18: serba_serbi | I18: durian | K18: 500000 | L18: BUKIT PRAGO - 2026 / harian | M18: 25 | N18: 2
A19: V3-BIAYA-2026-01-0018 | B19: 2026-06-07T12:09:16.103Z | C19: 2026-06-07T12:09:16.103Z | D19: active | E19: 2026 | F19: 1 | G19: 46026 | H19: jangkos | I19: jangkos | K19: 6000000 | L19: BUKIT PRAGO - 2026 / harian | M19: 26 | N19: 2
A20: V3-BIAYA-2026-01-0019 | B20: 2026-06-07T12:09:16.103Z | C20: 2026-06-07T12:09:16.103Z | D20: active | E20: 2026 | F20: 1 | G20: 46026 | H20: perawatan | I20: babat | J20: 1,4 Ha x 750.000 | K20: 1050000 | L20: BUKIT PRAGO - 2026 / harian | M20: 27 | N20: 2
A21: V3-BIAYA-2026-01-0020 | B21: 2026-06-07T12:09:16.103Z | C21: 2026-06-07T12:09:16.103Z | D21: active | E21: 2026 | F21: 1 | G21: 46026 | H21: panen | I21: lansir | K21: 750000 | L21: BUKIT PRAGO - 2026 / harian | M21: 28 | N21: 2
A22: V3-BIAYA-2026-01-0021 | B22: 2026-06-07T12:09:16.103Z | C22: 2026-06-07T12:09:16.103Z | D22: active | E22: 2026 | F22: 1 | G22: 46026 | H22: serba_serbi | I22: ayam tahun baru | K22: 330000 | L22: BUKIT PRAGO - 2026 / harian | M22: 29 | N22: 2
A23: V3-BIAYA-2026-01-0022 | B23: 2026-06-07T12:09:16.103Z | C23: 2026-06-07T12:09:16.103Z | D23: active | E23: 2026 | F23: 1 | G23: 46026 | H23: alat_bbm_mesin | I23: kabel PLN | K23: 100000 | L23: BUKIT PRAGO - 2026 / harian | M23: 30 | N23: 2
A24: V3-BIAYA-2026-01-0023 | B24: 2026-06-07T12:09:16.103Z | C24: 2026-06-07T12:09:16.103Z | D24: active | E24: 2026 | F24: 1 | G24: 46026 | H24: perawatan | I24: babat | J24: harian | K24: 800000 | L24: BUKIT PRAGO - 2026 / harian | M24: 31 | N24: 2
A25: V3-BIAYA-2026-01-0024 | B25: 2026-06-07T12:09:16.103Z | C25: 2026-06-07T12:09:16.103Z | D25: active | E25: 2026 | F25: 1 | G25: 46026 | H25: perawatan | I25: tunas | J25: 850 btg x 3.500 | K25: 2975000 | L25: BUKIT PRAGO - 2026 / harian | M25: 32 | N25: 2
A26: V3-BIAYA-2026-02-0001 | B26: 2026-06-07T12:09:16.106Z | C26: 2026-06-07T12:09:16.106Z | D26: active | E26: 2026 | F26: 1 | G26: 46041 | H26: panen | I26: ongkos mobil | J26: 20.807 x Rp 120 | K26: 2496840 | L26: BUKIT PRAGO - 2026 / harian | M26: 38 | N26: 3
A27: V3-BIAYA-2026-02-0002 | B27: 2026-06-07T12:09:16.106Z | C27: 2026-06-07T12:09:16.106Z | D27: active | E27: 2026 | F27: 1 | G27: 46041 | H27: panen | I27: upah panen | J27: 20.807 x Rp 170 | K27: 3537190 | L27: BUKIT PRAGO - 2026 / harian | M27: 39 | N27: 3
A28: V3-BIAYA-2026-02-0003 | B28: 2026-06-07T12:09:16.106Z | C28: 2026-06-07T12:09:16.106Z | D28: active | E28: 2026 | F28: 1 | G28: 46041 | H28: panen | I28: brondolan | K28: 700000 | L28: BUKIT PRAGO - 2026 / harian | M28: 40 | N28: 3
A29: V3-BIAYA-2026-02-0004 | B29: 2026-06-07T12:09:16.106Z | C29: 2026-06-07T12:09:16.106Z | D29: active | E29: 2026 | F29: 1 | G29: 46041 | H29: panen | I29: SPSI | K29: 250000 | L29: BUKIT PRAGO - 2026 / harian | M29: 41 | N29: 3
A30: V3-BIAYA-2026-02-0005 | B30: 2026-06-07T12:09:16.106Z | C30: 2026-06-07T12:09:16.106Z | D30: active | E30: 2026 | F30: 1 | G30: 46041 | H30: pupuk | I30: dolomit | J30: 128 karung x 50.000 | K30: 6400000 | L30: BUKIT PRAGO - 2026 / harian | M30: 42 | N30: 3
A31: V3-BIAYA-2026-02-0006 | B31: 2026-06-07T12:09:16.106Z | C31: 2026-06-07T12:09:16.106Z | D31: active | E31: 2026 | F31: 1 | G31: 46041 | H31: pupuk | I31: premi pupuk | K31: 3200000 | L31: BUKIT PRAGO - 2026 / harian | M31: 43 | N31: 3
A32: V3-BIAYA-2026-02-0007 | B32: 2026-06-07T12:09:16.106Z | C32: 2026-06-07T12:09:16.106Z | D32: active | E32: 2026 | F32: 1 | G32: 46041 | H32: pupuk | I32: ongkos pupuk | K32: 400000 | L32: BUKIT PRAGO - 2026 / harian | M32: 44 | N32: 3
A33: V3-BIAYA-2026-02-0008 | B33: 2026-06-07T12:09:16.106Z | C33: 2026-06-07T12:09:16.106Z | D33: active | E33: 2026 | F33: 1 | G33: 46041 | H33: alat_bbm_mesin | I33: PLN | J33: 2 kali | K33: 220000 | L33: BUKIT PRAGO - 2026 / harian | M33: 45 | N33: 3
A34: V3-BIAYA-2026-02-0009 | B34: 2026-06-07T12:09:16.106Z | C34: 2026-06-07T12:09:16.106Z | D34: active | E34: 2026 | F34: 1 | G34: 46041 | H34: perawatan | I34: mancang | K34: 150000 | L34: BUKIT PRAGO - 2026 / harian | M34: 46 | N34: 3
A35: V3-BIAYA-2026-02-0010 | B35: 2026-06-07T12:09:16.106Z | C35: 2026-06-07T12:09:16.106Z | D35: active | E35: 2026 | F35: 1 | G35: 46041 | H35: alat_bbm_mesin | I35: kir hilux + service | K35: 1785000 | L35: BUKIT PRAGO - 2026 / harian | M35: 47 | N35: 3
A36: V3-BIAYA-2026-02-0011 | B36: 2026-06-07T12:09:16.106Z | C36: 2026-06-07T12:09:16.106Z | D36: active | E36: 2026 | F36: 1 | G36: 46041 | H36: serba_serbi | I36: lunas pintu + pasang | J36: 4.300.000 + 1.500.000 | K36: 5800000 | L36: BUKIT PRAGO - 2026 / harian | M36: 48 | N36: 3
A37: V3-BIAYA-2026-02-0012 | B37: 2026-06-07T12:09:16.106Z | C37: 2026-06-07T12:09:16.106Z | D37: active | E37: 2026 | F37: 1 | G37: 46041 | H37: panen | I37: lansir | K37: 750000 | L37: BUKIT PRAGO - 2026 / harian | M37: 49 | N37: 3
A38: V3-BIAYA-2026-02-0013 | B38: 2026-06-07T12:09:16.109Z | C38: 2026-06-07T12:09:16.109Z | D38: active | E38: 2026 | F38: 2 | G38: 46055 | H38: panen | I38: ongkos mobil | J38: 20.534 x Rp 120 | K38: 2464080 | L38: BUKIT PRAGO - 2026 / harian | M38: 56 | N38: 1
A39: V3-BIAYA-2026-02-0014 | B39: 2026-06-07T12:09:16.109Z | C39: 2026-06-07T12:09:16.109Z | D39: active | E39: 2026 | F39: 2 | G39: 46055 | H39: panen | I39: upah panen | J39: 20.534 x Rp 170 | K39: 3490780 | L39: BUKIT PRAGO - 2026 / harian | M39: 57 | N39: 1
A40: V3-BIAYA-2026-02-0015 | B40: 2026-06-07T12:09:16.109Z | C40: 2026-06-07T12:09:16.109Z | D40: active | E40: 2026 | F40: 2 | G40: 46055 | H40: panen | I40: brondolan | K40: 700000 | L40: BUKIT PRAGO - 2026 / harian | M40: 58 | N40: 1
A41: V3-BIAYA-2026-02-0016 | B41: 2026-06-07T12:09:16.109Z | C41: 2026-06-07T12:09:16.109Z | D41: active | E41: 2026 | F41: 2 | G41: 46055 | H41: panen | I41: SPSI | K41: 200000 | L41: BUKIT PRAGO - 2026 / harian | M41: 59 | N41: 1
A42: V3-BIAYA-2026-02-0017 | B42: 2026-06-07T12:09:16.109Z | C42: 2026-06-07T12:09:16.109Z | D42: active | E42: 2026 | F42: 2 | G42: 46055 | H42: pupuk | I42: pupuk RP | J42: 126 karung x 120.000 | K42: 15120000 | L42: BUKIT PRAGO - 2026 / harian | M42: 60 | N42: 1
A43: V3-BIAYA-2026-02-0018 | B43: 2026-06-07T12:09:16.109Z | C43: 2026-06-07T12:09:16.109Z | D43: active | E43: 2026 | F43: 2 | G43: 46055 | H43: pupuk | I43: premi pupuk | J43: 126 karung x 25.000 | K43: 3150000 | L43: BUKIT PRAGO - 2026 / harian | M43: 61 | N43: 1
A44: V3-BIAYA-2026-02-0019 | B44: 2026-06-07T12:09:16.109Z | C44: 2026-06-07T12:09:16.109Z | D44: active | E44: 2026 | F44: 2 | G44: 46055 | H44: pupuk | I44: ongkos pupuk + susun | J44: 400.000 + 100.000 | K44: 500000 | L44: BUKIT PRAGO - 2026 / harian | M44: 62 | N44: 1
A45: V3-BIAYA-2026-02-0020 | B45: 2026-06-07T12:09:16.109Z | C45: 2026-06-07T12:09:16.109Z | D45: active | E45: 2026 | F45: 2 | G45: 46055 | H45: tenaga_kerja | I45: gaji along, ijal | K45: 4500000 | L45: BUKIT PRAGO - 2026 / harian | M45: 63 | N45: 1
A46: V3-BIAYA-2026-02-0021 | B46: 2026-06-07T12:09:16.109Z | C46: 2026-06-07T12:09:16.109Z | D46: active | E46: 2026 | F46: 2 | G46: 46055 | H46: serba_serbi | I46: belanjaan pintu | K46: 2490000 | L46: BUKIT PRAGO - 2026 / harian | M46: 64 | N46: 1
A47: V3-BIAYA-2026-02-0022 | B47: 2026-06-07T12:09:16.109Z | C47: 2026-06-07T12:09:16.109Z | D47: active | E47: 2026 | F47: 2 | G47: 46055 | H47: alat_bbm_mesin | I47: pajak hilux | K47: 5200000 | L47: BUKIT PRAGO - 2026 / harian | M47: 65 | N47: 1
A48: V3-BIAYA-2026-02-0023 | B48: 2026-06-07T12:09:16.109Z | C48: 2026-06-07T12:09:16.109Z | D48: active | E48: 2026 | F48: 2 | G48: 46055 | H48: jangkos | I48: jangkos | J48: 19 mobil x 500.000 | K48: 9500000 | L48: BUKIT PRAGO - 2026 / harian | M48: 66 | N48: 1
A49: V3-BIAYA-2026-02-0024 | B49: 2026-06-07T12:09:16.109Z | C49: 2026-06-07T12:09:16.109Z | D49: active | E49: 2026 | F49: 2 | G49: 46055 | H49: alat_bbm_mesin | I49: kabel PLN | K49: 1500000 | L49: BUKIT PRAGO - 2026 / harian | M49: 67 | N49: 1
A50: V3-BIAYA-2026-02-0025 | B50: 2026-06-07T12:09:16.109Z | C50: 2026-06-07T12:09:16.109Z | D50: active | E50: 2026 | F50: 2 | G50: 46055 | H50: perawatan | I50: tunas | J50: 140 btg x 4.000 | K50: 560000 | L50: BUKIT PRAGO - 2026 / harian | M50: 68 | N50: 1
A51: V3-BIAYA-2026-02-0026 | B51: 2026-06-07T12:09:16.109Z | C51: 2026-06-07T12:09:16.109Z | D51: active | E51: 2026 | F51: 2 | G51: 46055 | H51: perawatan | I51: babat | J51: 9,5 ha x 750.000 | K51: 7125000 | L51: BUKIT PRAGO - 2026 / harian | M51: 69 | N51: 1
A52: V3-BIAYA-2026-02-0027 | B52: 2026-06-07T12:09:16.109Z | C52: 2026-06-07T12:09:16.109Z | D52: active | E52: 2026 | F52: 2 | G52: 46055 | H52: serba_serbi | I52: DP pintu | K52: 1000000 | L52: BUKIT PRAGO - 2026 / harian | M52: 70 | N52: 1
A53: V3-BIAYA-2026-03-0001 | B53: 2026-06-07T12:09:16.111Z | C53: 2026-06-07T12:09:16.111Z | D53: active | E53: 2026 | F53: 2 | G53: 46068 | H53: panen | I53: ongkos mobil | J53: 16.677 x Rp 120 | K53: 2001240 | L53: BUKIT PRAGO - 2026 / harian | M53: 74 | N53: 2
A54: V3-BIAYA-2026-03-0002 | B54: 2026-06-07T12:09:16.111Z | C54: 2026-06-07T12:09:16.111Z | D54: active | E54: 2026 | F54: 2 | G54: 46068 | H54: panen | I54: upah panen | J54: 16.677 x Rp 170 | K54: 2835090 | L54: BUKIT PRAGO - 2026 / harian | M54: 75 | N54: 2
A55: V3-BIAYA-2026-03-0003 | B55: 2026-06-07T12:09:16.111Z | C55: 2026-06-07T12:09:16.111Z | D55: active | E55: 2026 | F55: 2 | G55: 46068 | H55: panen | I55: brondolan | K55: 700000 | L55: BUKIT PRAGO - 2026 / harian | M55: 76 | N55: 2
A56: V3-BIAYA-2026-03-0004 | B56: 2026-06-07T12:09:16.112Z | C56: 2026-06-07T12:09:16.112Z | D56: active | E56: 2026 | F56: 2 | G56: 46068 | H56: panen | I56: SPSI | K56: 200000 | L56: BUKIT PRAGO - 2026 / harian | M56: 77 | N56: 2
A57: V3-BIAYA-2026-03-0005 | B57: 2026-06-07T12:09:16.112Z | C57: 2026-06-07T12:09:16.112Z | D57: active | E57: 2026 | F57: 2 | G57: 46068 | H57: pupuk | I57: urea | J57: 76 karung x 410.000 | K57: 31160000 | L57: BUKIT PRAGO - 2026 / harian | M57: 78 | N57: 2
A58: V3-BIAYA-2026-03-0006 | B58: 2026-06-07T12:09:16.112Z | C58: 2026-06-07T12:09:16.112Z | D58: active | E58: 2026 | F58: 2 | G58: 46068 | H58: pupuk | I58: premi pupuk | J58: 89 karung x 25.000 | K58: 2225000 | L58: BUKIT PRAGO - 2026 / harian | M58: 79 | N58: 2
A59: V3-BIAYA-2026-03-0007 | B59: 2026-06-07T12:09:16.112Z | C59: 2026-06-07T12:09:16.112Z | D59: active | E59: 2026 | F59: 2 | G59: 46068 | H59: pupuk | I59: ongkos pupuk + susun | J59: 400.000 + 100.000 | K59: 500000 | L59: BUKIT PRAGO - 2026 / harian | M59: 80 | N59: 2
A60: V3-BIAYA-2026-03-0008 | B60: 2026-06-07T12:09:16.112Z | C60: 2026-06-07T12:09:16.112Z | D60: active | E60: 2026 | F60: 2 | G60: 46068 | H60: serba_serbi | I60: Las angkong + ban | K60: 270000 | L60: BUKIT PRAGO - 2026 / harian | M60: 81 | N60: 2
A61: V3-BIAYA-2026-03-0009 | B61: 2026-06-07T12:09:16.112Z | C61: 2026-06-07T12:09:16.112Z | D61: active | E61: 2026 | F61: 2 | G61: 46068 | H61: alat_bbm_mesin | I61: PLN | K61: 220000 | L61: BUKIT PRAGO - 2026 / harian | M61: 82 | N61: 2
A62: V3-BIAYA-2026-03-0010 | B62: 2026-06-07T12:09:16.112Z | C62: 2026-06-07T12:09:16.112Z | D62: active | E62: 2026 | F62: 2 | G62: 46068 | H62: perawatan | I62: babat | J62: harian | K62: 400000 | L62: BUKIT PRAGO - 2026 / harian | M62: 83 | N62: 2
A63: V3-BIAYA-2026-03-0011 | B63: 2026-06-07T12:09:16.112Z | C63: 2026-06-07T12:09:16.112Z | D63: active | E63: 2026 | F63: 2 | G63: 46068 | H63: pupuk | I63: urea | J63: 13 karung x 420.000 | K63: 5460000 | L63: BUKIT PRAGO - 2026 / harian | M63: 84 | N63: 2
A64: V3-BIAYA-2026-03-0012 | B64: 2026-06-07T12:09:16.112Z | C64: 2026-06-07T12:09:16.112Z | D64: active | E64: 2026 | F64: 2 | G64: 46068 | H64: serba_serbi | I64: jok mobil | K64: 2000000 | L64: BUKIT PRAGO - 2026 / harian | M64: 85 | N64: 2
A65: V3-BIAYA-2026-03-0013 | B65: 2026-06-07T12:09:16.112Z | C65: 2026-06-07T12:09:16.112Z | D65: active | E65: 2026 | F65: 2 | G65: 46068 | H65: jangkos | I65: jangkos | J65: 12 mbl x 500.000 | K65: 6000000 | L65: BUKIT PRAGO - 2026 / harian | M65: 86 | N65: 2
A66: V3-BIAYA-2026-03-0014 | B66: 2026-06-07T12:09:16.112Z | C66: 2026-06-07T12:09:16.112Z | D66: active | E66: 2026 | F66: 2 | G66: 46068 | H66: serba_serbi | I66: konsen | K66: 2000000 | L66: BUKIT PRAGO - 2026 / harian | M66: 87 | N66: 2
A67: V3-BIAYA-2026-03-0015 | B67: 2026-06-07T12:09:16.112Z | C67: 2026-06-07T12:09:16.112Z | D67: active | E67: 2026 | F67: 2 | G67: 46068 | H67: serba_serbi | I67: beras | K67: 758000 | L67: BUKIT PRAGO - 2026 / harian | M67: 88 | N67: 2
A68: V3-BIAYA-2026-03-0016 | B68: 2026-06-07T12:09:16.114Z | C68: 2026-06-07T12:09:16.114Z | D68: active | E68: 2026 | F68: 3 | G68: 46094 | H68: panen | I68: ongkos mobil | J68: 30.204 x Rp 120 | K68: 3624480 | L68: BUKIT PRAGO - 2026 / harian | M68: 92 | N68: 1
A69: V3-BIAYA-2026-03-0017 | B69: 2026-06-07T12:09:16.114Z | C69: 2026-06-07T12:09:16.114Z | D69: active | E69: 2026 | F69: 3 | G69: 46094 | H69: panen | I69: upah panen | J69: 30.204 x Rp 170 | K69: 5134680 | L69: BUKIT PRAGO - 2026 / harian | M69: 93 | N69: 1
A70: V3-BIAYA-2026-03-0018 | B70: 2026-06-07T12:09:16.114Z | C70: 2026-06-07T12:09:16.114Z | D70: active | E70: 2026 | F70: 3 | G70: 46094 | H70: panen | I70: brondolan | K70: 1400000 | L70: BUKIT PRAGO - 2026 / harian | M70: 94 | N70: 1
A71: V3-BIAYA-2026-03-0019 | B71: 2026-06-07T12:09:16.115Z | C71: 2026-06-07T12:09:16.115Z | D71: active | E71: 2026 | F71: 3 | G71: 46094 | H71: panen | I71: SPSI | K71: 300000 | L71: BUKIT PRAGO - 2026 / harian | M71: 95 | N71: 1
A72: V3-BIAYA-2026-03-0020 | B72: 2026-06-07T12:09:16.115Z | C72: 2026-06-07T12:09:16.115Z | D72: active | E72: 2026 | F72: 3 | G72: 46094 | H72: pupuk | I72: premi pupuk borate | J72: harian | K72: 1200000 | L72: BUKIT PRAGO - 2026 / harian | M72: 96 | N72: 1
A73: V3-BIAYA-2026-03-0021 | B73: 2026-06-07T12:09:16.115Z | C73: 2026-06-07T12:09:16.115Z | D73: active | E73: 2026 | F73: 3 | G73: 46094 | H73: perawatan | I73: babat | J73: harian | K73: 1800000 | L73: BUKIT PRAGO - 2026 / harian | M73: 97 | N73: 1
A74: V3-BIAYA-2026-03-0022 | B74: 2026-06-07T12:09:16.115Z | C74: 2026-06-07T12:09:16.115Z | D74: active | E74: 2026 | F74: 3 | G74: 46094 | H74: alat_bbm_mesin | I74: PLN | K74: 220000 | L74: BUKIT PRAGO - 2026 / harian | M74: 98 | N74: 1
A75: V3-BIAYA-2026-03-0023 | B75: 2026-06-07T12:09:16.115Z | C75: 2026-06-07T12:09:16.115Z | D75: active | E75: 2026 | F75: 3 | G75: 46094 | H75: serba_serbi | I75: konsen | K75: 3000000 | L75: BUKIT PRAGO - 2026 / harian | M75: 99 | N75: 1
A76: V3-BIAYA-2026-03-0024 | B76: 2026-06-07T12:09:16.115Z | C76: 2026-06-07T12:09:16.115Z | D76: active | E76: 2026 | F76: 3 | G76: 46094 | H76: serba_serbi | I76: bon anggota berhenti | K76: 1098000 | L76: BUKIT PRAGO - 2026 / harian | M76: 100 | N76: 1
A77: V3-BIAYA-2026-03-0025 | B77: 2026-06-07T12:09:16.115Z | C77: 2026-06-07T12:09:16.115Z | D77: active | E77: 2026 | F77: 3 | G77: 46094 | H77: tenaga_kerja | I77: gaji along, ijal | K77: 4500000 | L77: BUKIT PRAGO - 2026 / harian | M77: 101 | N77: 1
A78: V3-BIAYA-2026-03-0026 | B78: 2026-06-07T12:09:16.115Z | C78: 2026-06-07T12:09:16.115Z | D78: active | E78: 2026 | F78: 3 | G78: 46094 | H78: perawatan | I78: babat | K78: 6375000 | L78: BUKIT PRAGO - 2026 / harian | M78: 102 | N78: 1
A79: V3-BIAYA-2026-03-0027 | B79: 2026-06-07T12:09:16.115Z | C79: 2026-06-07T12:09:16.115Z | D79: active | E79: 2026 | F79: 3 | G79: 46094 | H79: pupuk | I79: borate | J79: 3 karung x 520.000 | K79: 1560000 | L79: BUKIT PRAGO - 2026 / harian | M79: 103 | N79: 1
A80: V3-BIAYA-2026-03-0028 | B80: 2026-06-07T12:09:16.115Z | C80: 2026-06-07T12:09:16.115Z | D80: active | E80: 2026 | F80: 3 | G80: 46094 | H80: pupuk | I80: pupuk abu ( KCL ) | J80: 6.120 x 2.300 | K80: 14076000 | L80: BUKIT PRAGO - 2026 / harian | M80: 104 | N80: 1
A81: V3-BIAYA-2026-03-0029 | B81: 2026-06-07T12:09:16.115Z | C81: 2026-06-07T12:09:16.115Z | D81: active | E81: 2026 | F81: 3 | G81: 46094 | H81: pupuk | I81: ongkos abu ( KCL ) | K81: 400000 | L81: BUKIT PRAGO - 2026 / harian | M81: 105 | N81: 1
A82: V3-BIAYA-2026-03-0030 | B82: 2026-06-07T12:09:16.115Z | C82: 2026-06-07T12:09:16.115Z | D82: active | E82: 2026 | F82: 3 | G82: 46094 | H82: serba_serbi | I82: THR | K82: 7500000 | L82: BUKIT PRAGO - 2026 / harian | M82: 106 | N82: 1
A83: V3-BIAYA-2026-03-0031 | B83: 2026-06-07T12:09:16.115Z | C83: 2026-06-07T12:09:16.115Z | D83: active | E83: 2026 | F83: 3 | G83: 46094 | H83: serba_serbi | I83: beras + minum | K83: 2133000 | L83: BUKIT PRAGO - 2026 / harian | M83: 107 | N83: 1
A84: V3-BIAYA-2026-03-0032 | B84: 2026-06-07T12:09:16.117Z | C84: 2026-06-07T12:09:16.117Z | D84: active | E84: 2026 | F84: 3 | G84: 46108 | H84: panen | I84: ongkos mobil | J84: 22.106 x Rp 120 | K84: 2652720 | L84: BUKIT PRAGO - 2026 / harian | M84: 110 | N84: 2
A85: V3-BIAYA-2026-03-0033 | B85: 2026-06-07T12:09:16.117Z | C85: 2026-06-07T12:09:16.117Z | D85: active | E85: 2026 | F85: 3 | G85: 46108 | H85: panen | I85: upah panen | J85: 22.106 x Rp 170 | K85: 3758020 | L85: BUKIT PRAGO - 2026 / harian | M85: 111 | N85: 2
A86: V3-BIAYA-2026-03-0034 | B86: 2026-06-07T12:09:16.117Z | C86: 2026-06-07T12:09:16.117Z | D86: active | E86: 2026 | F86: 3 | G86: 46108 | H86: panen | I86: brondolan | K86: 700000 | L86: BUKIT PRAGO - 2026 / harian | M86: 112 | N86: 2
A87: V3-BIAYA-2026-03-0035 | B87: 2026-06-07T12:09:16.117Z | C87: 2026-06-07T12:09:16.117Z | D87: active | E87: 2026 | F87: 3 | G87: 46108 | H87: panen | I87: SPSI | K87: 150000 | L87: BUKIT PRAGO - 2026 / harian | M87: 113 | N87: 2
A88: V3-BIAYA-2026-03-0036 | B88: 2026-06-07T12:09:16.117Z | C88: 2026-06-07T12:09:16.117Z | D88: active | E88: 2026 | F88: 3 | G88: 46108 | H88: alat_bbm_mesin | I88: pulsa PLN | K88: 220000 | L88: BUKIT PRAGO - 2026 / harian | M88: 114 | N88: 2
A89: V3-BIAYA-2026-03-0037 | B89: 2026-06-07T12:09:16.117Z | C89: 2026-06-07T12:09:16.117Z | D89: active | E89: 2026 | F89: 3 | G89: 46108 | H89: serba_serbi | I89: pasir | J89: 2 mobil | K89: 1500000 | L89: BUKIT PRAGO - 2026 / harian | M89: 115 | N89: 2
A90: V3-BIAYA-2026-03-0038 | B90: 2026-06-07T12:09:16.117Z | C90: 2026-06-07T12:09:16.117Z | D90: active | E90: 2026 | F90: 3 | G90: 46108 | H90: pupuk | I90: Pupuk Abu ( KCL ) | J90: 6.020 kg x 2.300 | K90: 13846000 | L90: BUKIT PRAGO - 2026 / harian | M90: 116 | N90: 2
A91: V3-BIAYA-2026-03-0039 | B91: 2026-06-07T12:09:16.117Z | C91: 2026-06-07T12:09:16.117Z | D91: active | E91: 2026 | F91: 3 | G91: 46108 | H91: pupuk | I91: ongkos pupuk + lawder | K91: 450000 | L91: BUKIT PRAGO - 2026 / harian | M91: 117 | N91: 2
A92: V3-BIAYA-2026-03-0040 | B92: 2026-06-07T12:09:16.117Z | C92: 2026-06-07T12:09:16.117Z | D92: active | E92: 2026 | F92: 3 | G92: 46108 | H92: perawatan | I92: babat | J92: 16,5 ha x 750.000 | K92: 12375000 | L92: BUKIT PRAGO - 2026 / harian | M92: 118 | N92: 2
A93: V3-BIAYA-2026-03-0041 | B93: 2026-06-07T12:09:16.117Z | C93: 2026-06-07T12:09:16.117Z | D93: active | E93: 2026 | F93: 3 | G93: 46108 | H93: serba_serbi | I93: semen + paku | K93: 750000 | L93: BUKIT PRAGO - 2026 / harian | M93: 119 | N93: 2
A94: V3-BIAYA-2026-03-0042 | B94: 2026-06-07T12:09:16.117Z | C94: 2026-06-07T12:09:16.117Z | D94: active | E94: 2026 | F94: 3 | G94: 46108 | H94: tenaga_kerja | I94: gaji along + ijal | K94: 4500000 | L94: BUKIT PRAGO - 2026 / harian | M94: 120 | N94: 2
A95: V3-BIAYA-2026-03-0043 | B95: 2026-06-07T12:09:16.117Z | C95: 2026-06-07T12:09:16.117Z | D95: active | E95: 2026 | F95: 3 | G95: 46108 | H95: pupuk | I95: susun pupuk + premi pasir | K95: 350000 | L95: BUKIT PRAGO - 2026 / harian | M95: 121 | N95: 2
A96: V3-BIAYA-2026-03-0044 | B96: 2026-06-07T12:09:16.117Z | C96: 2026-06-07T12:09:16.117Z | D96: active | E96: 2026 | F96: 3 | G96: 46108 | H96: serba_serbi | I96: durian | K96: 500000 | L96: BUKIT PRAGO - 2026 / harian | M96: 122 | N96: 2
A97: V3-BIAYA-2026-03-0045 | B97: 2026-06-07T12:09:16.117Z | C97: 2026-06-07T12:09:16.117Z | D97: active | E97: 2026 | F97: 3 | G97: 46108 | H97: panen | I97: lansir | K97: 750000 | L97: BUKIT PRAGO - 2026 / harian | M97: 123 | N97: 2
A98: V3-BIAYA-2026-03-0046 | B98: 2026-06-07T12:09:16.117Z | C98: 2026-06-07T12:09:16.117Z | D98: active | E98: 2026 | F98: 3 | G98: 46108 | H98: alat_bbm_mesin | I98: AC hilux + nasi | K98: 1850000 | L98: BUKIT PRAGO - 2026 / harian | M98: 124 | N98: 2
A99: V3-BIAYA-2026-04-0001 | B99: 2026-06-07T12:09:16.119Z | C99: 2026-06-07T12:09:16.119Z | D99: active | E99: 2026 | F99: 4 | G99: 46123 | H99: panen | I99: ongkos mobil | J99: 23.583 x Rp 120 | K99: 2829960 | L99: BUKIT PRAGO - 2026 / harian | M99: 128 | N99: 1
A100: V3-BIAYA-2026-04-0002 | B100: 2026-06-07T12:09:16.119Z | C100: 2026-06-07T12:09:16.119Z | D100: active | E100: 2026 | F100: 4 | G100: 46123 | H100: panen | I100: upah panen | J100: 23.583 x Rp 170 | K100: 4009110 | L100: BUKIT PRAGO - 2026 / harian | M100: 129 | N100: 1
...

Sheet TX_KAS
A1: tx_id | B1: created_at | C1: updated_at | D1: status | E1: periode_tahun | F1: periode_bulan | G1: tanggal_bukti | H1: jenis_kas | I1: keterangan | J1: jumlah | K1: akun_sumber | L1: akun_tujuan | M1: sumber_file | N1: source_row | O1: panen_ke | P1: batch_id
A2: V3-KAS-2026-01-0001 | B2: 2026-06-07T12:09:16.098Z | C2: 2026-06-07T12:09:16.098Z | D2: active | E2: 2026 | F2: 1 | G2: 46013 | H2: kas_masuk | I2: Januari PANEN 1 - kas | J2: 14000000 | K2: kas_kebun | L2: kas_kebun | M2: BUKIT PRAGO - 2026 / harian | N2: 2 | O2: 1
A3: V3-KAS-2026-01-0002 | B3: 2026-06-07T12:09:16.098Z | C3: 2026-06-07T12:09:16.098Z | D3: active | E3: 2026 | F3: 1 | G3: 46013 | H3: pinjaman | I3: Januari PANEN 1 - pinjaman | J3: 6000000 | K3: kas_kebun | L3: kas_kebun | M3: BUKIT PRAGO - 2026 / harian | N3: 5 | O3: 1
A4: V3-KAS-2026-01-0003 | B4: 2026-06-07T12:09:16.098Z | C4: 2026-06-07T12:09:16.098Z | D4: active | E4: 2026 | F4: 1 | G4: 46013 | H4: transfer | I4: Januari PANEN 1 - transfer | J4: 43789430 | K4: kas_kebun | L4: kas_kebun | M4: BUKIT PRAGO - 2026 / harian | N4: 9 | O4: 1
A5: V3-KAS-2026-01-0004 | B5: 2026-06-07T12:09:16.103Z | C5: 2026-06-07T12:09:16.103Z | D5: active | E5: 2026 | F5: 1 | G5: 46026 | H5: potong_pinjaman | I5: Januari PANEN 2 - potong pinjaman | J5: 6000000 | K5: kas_kebun | L5: kas_kebun | M5: BUKIT PRAGO - 2026 / harian | N5: 24 | O5: 2
A6: V3-KAS-2026-01-0005 | B6: 2026-06-07T12:09:16.103Z | C6: 2026-06-07T12:09:16.103Z | D6: active | E6: 2026 | F6: 1 | G6: 46026 | H6: transfer | I6: Januari PANEN 2 - transfer | J6: 32000000 | K6: kas_kebun | L6: kas_kebun | M6: BUKIT PRAGO - 2026 / harian | N6: 27 | O6: 2
A7: V3-KAS-2026-02-0001 | B7: 2026-06-07T12:09:16.106Z | C7: 2026-06-07T12:09:16.106Z | D7: active | E7: 2026 | F7: 1 | G7: 46041 | H7: kas_masuk | I7: Januari PANEN 3 - kas | J7: 6000000 | K7: kas_kebun | L7: kas_kebun | M7: BUKIT PRAGO - 2026 / harian | N7: 38 | O7: 3
A8: V3-KAS-2026-02-0002 | B8: 2026-06-07T12:09:16.106Z | C8: 2026-06-07T12:09:16.106Z | D8: active | E8: 2026 | F8: 1 | G8: 46041 | H8: pinjaman | I8: Januari PANEN 3 - pinjaman | J8: 6000000 | K8: kas_kebun | L8: kas_kebun | M8: BUKIT PRAGO - 2026 / harian | N8: 41 | O8: 3
A9: V3-KAS-2026-02-0003 | B9: 2026-06-07T12:09:16.106Z | C9: 2026-06-07T12:09:16.106Z | D9: active | E9: 2026 | F9: 1 | G9: 46041 | H9: transfer | I9: Januari PANEN 3 - transfer | J9: 23000000 | K9: kas_kebun | L9: kas_kebun | M9: BUKIT PRAGO - 2026 / harian | N9: 45 | O9: 3
A10: V3-KAS-2026-02-0004 | B10: 2026-06-07T12:09:16.109Z | C10: 2026-06-07T12:09:16.109Z | D10: active | E10: 2026 | F10: 2 | G10: 46055 | H10: kas_masuk | I10: Februari PANEN 1 - kas | J10: 15000000 | K10: kas_kebun | L10: kas_kebun | M10: BUKIT PRAGO - 2026 / harian | N10: 56 | O10: 1
A11: V3-KAS-2026-02-0005 | B11: 2026-06-07T12:09:16.109Z | C11: 2026-06-07T12:09:16.109Z | D11: active | E11: 2026 | F11: 2 | G11: 46055 | H11: potong_pinjaman | I11: Februari PANEN 1 - potong pinjaman | J11: 6000000 | K11: kas_kebun | L11: kas_kebun | M11: BUKIT PRAGO - 2026 / harian | N11: 60 | O11: 1
A12: V3-KAS-2026-03-0001 | B12: 2026-06-07T12:09:16.111Z | C12: 2026-06-07T12:09:16.111Z | D12: active | E12: 2026 | F12: 2 | G12: 46068 | H12: kas_masuk | I12: Februari PANEN 2 - kas | J12: 32000000 | K12: kas_kebun | L12: kas_kebun | M12: BUKIT PRAGO - 2026 / harian | N12: 74 | O12: 2
A13: V3-KAS-2026-03-0002 | B13: 2026-06-07T12:09:16.112Z | C13: 2026-06-07T12:09:16.112Z | D13: active | E13: 2026 | F13: 2 | G13: 46068 | H13: pinjaman | I13: Februari PANEN 2 - pinjaman | J13: 4000000 | K13: kas_kebun | L13: kas_kebun | M13: BUKIT PRAGO - 2026 / harian | N13: 77 | O13: 2
... A34: V3-KAS-2026-06-0006 | B34: 2026-06-07T12:09:16.128Z | C34: 2026-06-07T12:09:16.128Z | D34: active | E34: 2026 | F34: 6 | G34: 46179 | H34: transfer | I34: Juni PANEN 1 - transfer | J34: 57000000 | K34: kas_kebun | L34: kas_kebun | M34: BUKIT PRAGO - 2026 / harian | N34: 207 | O34: 1
A35: KAS_V3INPUT_2026_6_PANEN2_20260618_222734_001 | B35: 46191.936 | D35: active | E35: 2026 | F35: 6 | G35: 46191 | H35: kas_masuk | I35: Juni PANEN 2 - kas | J35: 14811340 | N35: INPUT_SHEET_V3 | O35: 2 | P35: V3INPUT_2026_6_PANEN2_20260618_222734
A36: KAS_V3INPUT_2026_6_PANEN2_20260618_222734_002 | B36: 46191.936 | D36: active | E36: 2026 | F36: 6 | G36: 46191 | H36: potong_pinjaman | I36: Juni PANEN 2 - potong pinjaman | J36: 5000000 | N36: INPUT_SHEET_V3 | O36: 2 | P36: V3INPUT_2026_6_PANEN2_20260618_222734
A37: KAS_V3INPUT_2026_6_PANEN2_20260618_222734_003 | B37: 46191.936 | D37: active | E37: 2026 | F37: 6 | G37: 46191 | H37: transfer | I37: Juni PANEN 2 - transfer | J37: 75000000 | N37: INPUT_SHEET_V3 | O37: 2 | P37: V3INPUT_2026_6_PANEN2_20260618_222734
A38: KAS_V3INPUT_2026_7_PANEN1_20260702_210109_001 | B38: 46205.876 | D38: active | E38: 2026 | F38: 7 | G38: 46205 | H38: kas_masuk | I38: Juli PANEN 1 - kas | J38: 14000000 | N38: INPUT_SHEET_V3 | O38: 1 | P38: V3INPUT_2026_7_PANEN1_20260702_210109
A39: KAS_V3INPUT_2026_7_PANEN1_20260702_210109_002 | B39: 46205.876 | D39: active | E39: 2026 | F39: 7 | G39: 46205 | H39: pinjaman | I39: Juli PANEN 1 - pinjaman | J39: 10411000 | N39: INPUT_SHEET_V3 | O39: 1 | P39: V3INPUT_2026_7_PANEN1_20260702_210109
A40: KAS_V3INPUT_2026_7_PANEN1_20260702_210109_003 | B40: 46205.876 | D40: active | E40: 2026 | F40: 7 | G40: 46205 | H40: transfer | I40: Juli PANEN 1 - transfer | J40: 66000000 | N40: INPUT_SHEET_V3 | O40: 1 | P40: V3INPUT_2026_7_PANEN1_20260702_210109

Sheet TX_PEMUPUKAN
A1: tx_id | B1: created_at | C1: updated_at | D1: status | E1: periode_tahun | F1: periode_bulan | G1: tanggal_bukti | H1: jenis_pupuk | I1: dosis | J1: status_realisasi | K1: keterangan | L1: sumber_file | M1: source_row | N1: batch_id | O1: jumlah | P1: satuan | Q1: blok_area
A2: PUPUK_V3PUPUK_2026_1_20260609_080733_001 | B2: 46182.339 | C2: 46182.339 | D2: active | E2: 2026 | F2: 1 | G2: 46031 | H2: Dolomit | I2: 1.25 | J2: Selesai | K2: semester 1 | M2: INPUT_PEMUPUKAN_V3 | N2: V3PUPUK_2026_1_20260609_080733 | O2: 130 | P2: sak | Q2: semua
A3: PUPUK_V3PUPUK_2026_6_20260611_114318_001 | B3: 46184.488 | C3: 46184.488 | D3: active | E3: 2026 | F3: 1 | G3: 46042 | H3: RP | I3: 1.25 | J3: Selesai | K3: semester 1 | M3: INPUT_PEMUPUKAN_V3 | N3: V3PUPUK_2026_6_20260611_114318 | O3: 130 | P3: sak | Q3: semua
A4: PUPUK_V3PUPUK_2026_2_20260612_102401_001 | B4: 46185.433 | C4: 46185.433 | D4: active | E4: 2026 | F4: 2 | G4: 46059 | H4: Urea | I4: 0.75 | J4: Selesai | K4: semester 1 | M4: INPUT_PEMUPUKAN_V3 | N4: V3PUPUK_2026_2_20260612_102401 | O4: 91 | P4: sak | Q4: semua
A5: PUPUK_V3PUPUK_2026_2_20260612_181231_001 | B5: 46185.759 | C5: 46185.759 | D5: active | E5: 2026 | F5: 3 | G5: 46084 | H5: Borate | I5: 0.07 | J5: Selesai | K5: semester 1 | M5: INPUT_PEMUPUKAN_V3 | N5: V3PUPUK_2026_2_20260612_181231 | O5: 16 | P5: sak | Q5: semua
A6: PUPUK_V3PUPUK_2026_4_20260612_204833_001 | B6: 46185.867 | C6: 46185.867 | D6: active | E6: 2026 | F6: 4 | G6: 46115 | H6: Abu Jangkos / KCL Abu | I6: 2 | J6: Selesai | K6: semester 1 | M6: INPUT_PEMUPUKAN_V3 | N6: V3PUPUK_2026_4_20260612_204833 | O6: 12000 | P6: kg | Q6: semua
A7: PUPUK_V3PUPUK_2026_5_20260612_205026_001 | B7: 46185.868 | C7: 46185.868 | D7: active | E7: 2026 | F7: 5 | G7: 46154 | H7: Humat | I7: 1 | J7: Selesai | K7: semester 1 | M7: INPUT_PEMUPUKAN_V3 | N7: V3PUPUK_2026_5_20260612_205026 | O7: 6 | P7: sak | Q7: semua
A8: PUPUK_V3PUPUK_2026_5_20260612_205246_001 | B8: 46185.87 | C8: 46185.87 | D8: active | E8: 2026 | F8: 5 | G8: 46154 | H8: Amonium Klorida | I8: 1 | J8: Selesai | K8: semester 1 | M8: INPUT_PEMUPUKAN_V3 | N8: V3PUPUK_2026_5_20260612_205246 | O8: 112 | P8: sak | Q8: semua
A9: PUPUK_V3PUPUK_2026_7_20260702_212108_001 | B9: 46205.89 | C9: 46205.89 | D9: active | E9: 2026 | F9: 7 | G9: 46207 | H9: Abu Jangkos | I9: 2 | J9: Selesai | K9: semester 1 | M9: INPUT_PEMUPUKAN_V3 | N9: V3PUPUK_2026_7_20260702_212108 | O9: 12710 | P9: kg | Q9: semua

Sheet STAGING_2024_PENJUALAN
A1: periode_bulan | B1: tanggal_bukti | C1: panen_ke | D1: panen_kg | E1: harga | F1: jumlah | G1: keterangan
A2: 1 | C2: 1 | D2: 5567 | E2: 2180 | F2: 12136060 | G2: Januari PANEN 1
A3: 1 | C3: 1 | D3: 4652 | E3: 2160 | F3: 10048320 | G3: Januari PANEN 1
A4: 1 | C4: 2 | D4: 4588 | E4: 2270 | F4: 10414760 | G4: Januari PANEN 2
A5: 1 | C5: 2 | D5: 3418 | E5: 2270 | F5: 7758860 | G5: Januari PANEN 2
A6: 2 | C6: 1 | D6: 3172 | E6: 2420 | F6: 7676240 | G6: Februari PANEN 1
A7: 2 | C7: 1 | D7: 4413 | E7: 2420 | F7: 10679460 | G7: Februari PANEN 1
A8: 2 | C8: 2 | D8: 4478 | E8: 2360 | F8: 10568080 | G8: Februari PANEN 2
A9: 2 | C9: 2 | D9: 3343 | E9: 2360 | F9: 7889480 | G9: Februari PANEN 2
A10: 3 | C10: 1 | D10: 4219 | E10: 2380 | F10: 10041220 | G10: Maret PANEN 1
A11: 3 | C11: 1 | D11: 4894 | E11: 2380 | F11: 11647720 | G11: Maret PANEN 1
A12: 3 | C12: 2 | D12: 4650 | E12: 2480 | F12: 11532000 | G12: Maret PANEN 2
A13: 3 | C13: 2 | D13: 5510 | E13: 2480 | F13: 13664800 | G13: Maret PANEN 2
... A76: 12 | C76: 2 | D76: 1128 | E76: 3130 | F76: 3530640 | G76: Desember PANEN 2

Sheet STAGING_2024_BIAYA
A1: periode_bulan | B1: tanggal_bukti | C1: panen_ke | D1: kategori | E1: biaya | F1: keterangan | G1: jumlah
A2: 1 | C2: 1 | D2: panen | E2: ongkos mobil | F2: Januari PANEN 1 | G2: 1021000
A3: 1 | C3: 1 | D3: panen | E3: upah panen | F3: Januari PANEN 1 | G3: 1700000
A4: 1 | C4: 1 | D4: panen | E4: brondolan | F4: Januari PANEN 1 | G4: 300000
A5: 1 | C5: 1 | D5: panen | E5: SPSI | F5: Januari PANEN 1 | G5: 100000
A6: 1 | C6: 1 | D6: alat_bbm_mesin | E6: PLN | F6: Januari PANEN 1 | G6: 110000
A7: 1 | C7: 1 | D7: pupuk | E7: pupuk NPK | F7: 25 karung x 395.000 | G7: 9875000
A8: 1 | C8: 1 | D8: serba_serbi | E8: serba serbi | F8: Januari PANEN 1 | G8: 3960000
A9: 1 | C9: 2 | D9: panen | E9: ongkos mobil | F9: Januari PANEN 2 | G9: 800000
A10: 1 | C10: 2 | D10: panen | E10: upah panen | F10: Januari PANEN 2 | G10: 1361000
A11: 1 | C11: 2 | D11: panen | E11: brondolan | F11: Januari PANEN 2 | G11: 300000
A12: 1 | C12: 2 | D12: panen | E12: SPSI | F12: Januari PANEN 2 | G12: 100000
A13: 1 | C13: 2 | D13: serba_serbi | E13: gaji along, ijal | F13: Januari PANEN 2 | G13: 6600000
... A193: 12 | C193: 2 | D193: serba_serbi | E193: serba serbi | F193: Desember PANEN 2 | G193: 475000

Sheet STAGING_2024_KAS
A1: periode_bulan | B1: tanggal_bukti | C1: panen_ke | D1: jenis_kas | E1: keterangan | F1: jumlah | G1: akun_sumber | H1: akun_tujuan

Sheet STAGING_2024_PEMUPUKAN
A1: periode_bulan | B1: tanggal_bukti | C1: jenis_pupuk | D1: dosis | E1: satuan | F1: jumlah | G1: blok_area | H1: keterangan | I1: status_realisasi

Sheet ARCHIVE_PENJUALAN
A1: tx_id | B1: status | C1: periode_tahun | D1: periode_bulan | E1: tanggal_bukti | F1: panen_ke | G1: panen_kg | H1: harga | I1: jumlah | J1: keterangan | K1: source_row | L1: archived_at | M1: archive_version | N1: created_at | O1: updated_at | P1: sumber_file | Q1: batch_id | R1: archive_source | S1: closed_year | T1: closed_to_year | U1: close_year_batch_id
A2: ARCH2025_JUAL_01_P1 | B2: active | C2: 2025 | D2: 1 | E2: 46010 | F2: 1 | G2: 11887 | H2: 3244 | I2: 38558880 | J2: Januari - Panen 1 | K2: SOURCE_2025_HARIAN | L2: 46183.423 | M2: V3_ARCHIVE_SEPARATE_STORAGE_3_IMPORT_SAFE
A3: ARCH2025_JUAL_01_P2 | B3: active | C3: 2025 | D3: 1 | E3: 46044 | F3: 2 | G3: 14299 | H3: 2941 | I3: 42056380 | J3: Januari - Panen 2 | K3: SOURCE_2025_HARIAN | L3: 46183.423 | M3: V3_ARCHIVE_SEPARATE_STORAGE_3_IMPORT_SAFE
A4: ARCH2025_JUAL_02_P1 | B4: active | C4: 2025 | D4: 2 | E4: 46055 | F4: 1 | G4: 11609 | H4: 2879 | I4: 33418400 | J4: Februari - Panen 1 | K4: SOURCE_2025_HARIAN | L4: 46183.423 | M4: V3_ARCHIVE_SEPARATE_STORAGE_3_IMPORT_SAFE
A5: ARCH2025_JUAL_02_P2 | B5: active | C5: 2025 | D5: 2 | E5: 46069 | F5: 2 | G5: 13123 | H5: 3078 | I5: 40394870 | J5: Februari - Panen 2 | K5: SOURCE_2025_HARIAN | L5: 46183.423 | M5: V3_ARCHIVE_SEPARATE_STORAGE_3_IMPORT_SAFE
A6: ARCH2025_JUAL_03_P1 | B6: active | C6: 2025 | D6: 3 | E6: 46085 | F6: 1 | G6: 14724 | H6: 3351 | I6: 49338560 | J6: Maret - Panen 1 | K6: SOURCE_2025_HARIAN | L6: 46183.423 | M6: V3_ARCHIVE_SEPARATE_STORAGE_3_IMPORT_SAFE
A7: ARCH2025_JUAL_03_P2 | B7: active | C7: 2025 | D7: 3 | E7: 46099 | F7: 2 | G7: 13832 | H7: 3335 | I7: 46134940 | J7: Maret - Panen 2 | K7: SOURCE_2025_HARIAN | L7: 46183.423 | M7: V3_ARCHIVE_SEPARATE_STORAGE_3_IMPORT_SAFE
A8: ARCH2025_JUAL_04_P1 | B8: active | C8: 2025 | D8: 4 | E8: 46113 | F8: 1 | G8: 24197 | H8: 3170 | I8: 76710090 | J8: April - Panen 1 | K8: SOURCE_2025_HARIAN | L8: 46183.423 | M8: V3_ARCHIVE_SEPARATE_STORAGE_3_IMPORT_SAFE
A9: ARCH2025_JUAL_04_P2 | B9: active | C9: 2025 | D9: 4 | E9: 46120 | F9: 2 | G9: 33431 | H9: 3036 | I9: 101503050 | J9: April - Panen 2 | K9: SOURCE_2025_HARIAN | L9: 46183.423 | M9: V3_ARCHIVE_SEPARATE_STORAGE_3_IMPORT_SAFE
A10: ARCH2025_JUAL_05_P1 | B10: active | C10: 2025 | D10: 5 | E10: 46134 | F10: 1 | G10: 23107 | H10: 3025 | I10: 69888710 | J10: Mei - Panen 1 | K10: SOURCE_2025_HARIAN | L10: 46183.423 | M10: V3_ARCHIVE_SEPARATE_STORAGE_3_IMPORT_SAFE
A11: ARCH2025_JUAL_05_P2 | B11: active | C11: 2025 | D11: 5 | E11: 46148 | F11: 2 | G11: 16806 | H11: 2981 | I11: 50104190 | J11: Mei - Panen 2 | K11: SOURCE_2025_HARIAN | L11: 46183.423 | M11: V3_ARCHIVE_SEPARATE_STORAGE_3_IMPORT_SAFE
A12: ARCH2025_JUAL_06_P1 | B12: active | C12: 2025 | D12: 6 | E12: 46187 | F12: 1 | G12: 17188 | H12: 2827 | I12: 48590390 | J12: Juni - Panen 1 | K12: SOURCE_2025_HARIAN | L12: 46183.423 | M12: V3_ARCHIVE_SEPARATE_STORAGE_3_IMPORT_SAFE
A13: ARCH2025_JUAL_06_P2 | B13: active | C13: 2025 | D13: 6 | E13: 46201 | F13: 2 | G13: 16989 | H13: 2899 | I13: 49252970 | J13: Juni - Panen 2 | K13: SOURCE_2025_HARIAN | L13: 46183.423 | M13: V3_ARCHIVE_SEPARATE_STORAGE_3_IMPORT_SAFE
... A25: ARCH2025_JUAL_12_P2 | B25: active | C25: 2025 | D25: 12 | E25: 46375 | F25: 2 | G25: 25409 | H25: 3106 | I25: 78917740 | J25: Desember - Panen 2 | K25: SOURCE_2025_HARIAN | L25: 46183.423 | M25: V3_ARCHIVE_SEPARATE_STORAGE_3_IMPORT_SAFE
A26: IMP2024_PENJUALAN_000001 | B26: active | C26: 2024 | D26: 1 | F26: 1 | G26: 5567 | H26: 2180 | I26: 12136060 | J26: Januari PANEN 1 | K26: IMPORT_ARCHIVE_2024_USING_2025_PATTERN_STAGE_A | L26: 46185.845 | M26: V3_CLEAN_FULL_REWRITE_ACTIVE_ARCHIVE_SAFE | Q26: IMPORT_ARCHIVE_2024_USING_2025_PATTERN | R26: IMPORT_ARCHIVE_2024 | S26: 2024 | U26: IMPORT_ARCHIVE_2024_20260612_201620
A27: IMP2024_PENJUALAN_000002 | B27: active | C27: 2024 | D27: 1 | F27: 1 | G27: 4652 | H27: 2160 | I27: 10048320 | J27: Januari PANEN 1 | K27: IMPORT_ARCHIVE_2024_USING_2025_PATTERN_STAGE_A | L27: 46185.845 | M27: V3_CLEAN_FULL_REWRITE_ACTIVE_ARCHIVE_SAFE | Q27: IMPORT_ARCHIVE_2024_USING_2025_PATTERN | R27: IMPORT_ARCHIVE_2024 | S27: 2024 | U27: IMPORT_ARCHIVE_2024_20260612_201620
A28: IMP2024_PENJUALAN_000003 | B28: active | C28: 2024 | D28: 1 | F28: 2 | G28: 4588 | H28: 2270 | I28: 10414760 | J28: Januari PANEN 2 | K28: IMPORT_ARCHIVE_2024_USING_2025_PATTERN_STAGE_A | L28: 46185.845 | M28: V3_CLEAN_FULL_REWRITE_ACTIVE_ARCHIVE_SAFE | Q28: IMPORT_ARCHIVE_2024_USING_2025_PATTERN | R28: IMPORT_ARCHIVE_2024 | S28: 2024 | U28: IMPORT_ARCHIVE_2024_20260612_201620
A29: IMP2024_PENJUALAN_000004 | B29: active | C29: 2024 | D29: 1 | F29: 2 | G29: 3418 | H29: 2270 | I29: 7758860 | J29: Januari PANEN 2 | K29: IMPORT_ARCHIVE_2024_USING_2025_PATTERN_STAGE_A | L29: 46185.845 | M29: V3_CLEAN_FULL_REWRITE_ACTIVE_ARCHIVE_SAFE | Q29: IMPORT_ARCHIVE_2024_USING_2025_PATTERN | R29: IMPORT_ARCHIVE_2024 | S29: 2024 | U29: IMPORT_ARCHIVE_2024_20260612_201620
A30: IMP2024_PENJUALAN_000005 | B30: active | C30: 2024 | D30: 2 | F30: 1 | G30: 3172 | H30: 2420 | I30: 7676240 | J30: Februari PANEN 1 | K30: IMPORT_ARCHIVE_2024_USING_2025_PATTERN_STAGE_A | L30: 46185.845 | M30: V3_CLEAN_FULL_REWRITE_ACTIVE_ARCHIVE_SAFE | Q30: IMPORT_ARCHIVE_2024_USING_2025_PATTERN | R30: IMPORT_ARCHIVE_2024 | S30: 2024 | U30: IMPORT_ARCHIVE_2024_20260612_201620
A31: IMP2024_PENJUALAN_000006 | B31: active | C31: 2024 | D31: 2 | F31: 1 | G31: 4413 | H31: 2420 | I31: 10679460 | J31: Februari PANEN 1 | K31: IMPORT_ARCHIVE_2024_USING_2025_PATTERN_STAGE_A | L31: 46185.845 | M31: V3_CLEAN_FULL_REWRITE_ACTIVE_ARCHIVE_SAFE | Q31: IMPORT_ARCHIVE_2024_USING_2025_PATTERN | R31: IMPORT_ARCHIVE_2024 | S31: 2024 | U31: IMPORT_ARCHIVE_2024_20260612_201620
A32: IMP2024_PENJUALAN_000007 | B32: active | C32: 2024 | D32: 2 | F32: 2 | G32: 4478 | H32: 2360 | I32: 10568080 | J32: Februari PANEN 2 | K32: IMPORT_ARCHIVE_2024_USING_2025_PATTERN_STAGE_A | L32: 46185.845 | M32: V3_CLEAN_FULL_REWRITE_ACTIVE_ARCHIVE_SAFE | Q32: IMPORT_ARCHIVE_2024_USING_2025_PATTERN | R32: IMPORT_ARCHIVE_2024 | S32: 2024 | U32: IMPORT_ARCHIVE_2024_20260612_201620
A33: IMP2024_PENJUALAN_000008 | B33: active | C33: 2024 | D33: 2 | F33: 2 | G33: 3343 | H33: 2360 | I33: 7889480 | J33: Februari PANEN 2 | K33: IMPORT_ARCHIVE_2024_USING_2025_PATTERN_STAGE_A | L33: 46185.845 | M33: V3_CLEAN_FULL_REWRITE_ACTIVE_ARCHIVE_SAFE | Q33: IMPORT_ARCHIVE_2024_USING_2025_PATTERN | R33: IMPORT_ARCHIVE_2024 | S33: 2024 | U33: IMPORT_ARCHIVE_2024_20260612_201620
A34: IMP2024_PENJUALAN_000009 | B34: active | C34: 2024 | D34: 3 | F34: 1 | G34: 4219 | H34: 2380 | I34: 10041220 | J34: Maret PANEN 1 | K34: IMPORT_ARCHIVE_2024_USING_2025_PATTERN_STAGE_A | L34: 46185.845 | M34: V3_CLEAN_FULL_REWRITE_ACTIVE_ARCHIVE_SAFE | Q34: IMPORT_ARCHIVE_2024_USING_2025_PATTERN | R34: IMPORT_ARCHIVE_2024 | S34: 2024 | U34: IMPORT_ARCHIVE_2024_20260612_201620
A35: IMP2024_PENJUALAN_000010 | B35: active | C35: 2024 | D35: 3 | F35: 1 | G35: 4894 | H35: 2380 | I35: 11647720 | J35: Maret PANEN 1 | K35: IMPORT_ARCHIVE_2024_USING_2025_PATTERN_STAGE_A | L35: 46185.845 | M35: V3_CLEAN_FULL_REWRITE_ACTIVE_ARCHIVE_SAFE | Q35: IMPORT_ARCHIVE_2024_USING_2025_PATTERN | R35: IMPORT_ARCHIVE_2024 | S35: 2024 | U35: IMPORT_ARCHIVE_2024_20260612_201620
A36: IMP2024_PENJUALAN_000011 | B36: active | C36: 2024 | D36: 3 | F36: 2 | G36: 4650 | H36: 2480 | I36: 11532000 | J36: Maret PANEN 2 | K36: IMPORT_ARCHIVE_2024_USING_2025_PATTERN_STAGE_A | L36: 46185.845 | M36: V3_CLEAN_FULL_REWRITE_ACTIVE_ARCHIVE_SAFE | Q36: IMPORT_ARCHIVE_2024_USING_2025_PATTERN | R36: IMPORT_ARCHIVE_2024 | S36: 2024 | U36: IMPORT_ARCHIVE_2024_20260612_201620
A37: IMP2024_PENJUALAN_000012 | B37: active | C37: 2024 | D37: 3 | F37: 2 | G37: 5510 | H37: 2480 | I37: 13664800 | J37: Maret PANEN 2 | K37: IMPORT_ARCHIVE_2024_USING_2025_PATTERN_STAGE_A | L37: 46185.845 | M37: V3_CLEAN_FULL_REWRITE_ACTIVE_ARCHIVE_SAFE | Q37: IMPORT_ARCHIVE_2024_USING_2025_PATTERN | R37: IMPORT_ARCHIVE_2024 | S37: 2024 | U37: IMPORT_ARCHIVE_2024_20260612_201620
... A100: IMP2024_PENJUALAN_000075 | B100: active | C100: 2024 | D100: 12 | F100: 2 | G100: 1128 | H100: 3130 | I100: 3530640 | J100: Desember PANEN 2 | K100: IMPORT_ARCHIVE_2024_USING_2025_PATTERN_STAGE_A | L100: 46185.845 | M100: V3_CLEAN_FULL_REWRITE_ACTIVE_ARCHIVE_SAFE | Q100: IMPORT_ARCHIVE_2024_USING_2025_PATTERN | R100: IMPORT_ARCHIVE_2024 | S100: 2024 | U100: IMPORT_ARCHIVE_2024_20260612_201620

Sheet ARCHIVE_BIAYA
A1: tx_id | B1: status | C1: periode_tahun | D1: periode_bulan | E1: tanggal_bukti | F1: panen_ke | G1: kategori | H1: biaya | I1: keterangan | J1: jumlah | K1: source_row | L1: archived_at | M1: archive_version | N1: created_at | O1: updated_at | P1: sumber_file | Q1: batch_id | R1: archive_source | S1: closed_year | T1: closed_to_year | U1: close_year_batch_id
A2: ARCH2025_BIAYA_01_P1_0001 | B2: active | C2: 2025 | D2: 1 | E2: 46010 | F2: 1 | G2: panen | H2: ongkos mobil | I2: 11.887 x 120 | J2: 1350000 | K2: SOURCE_2025_HARIAN | L2: 46183.423 | M2: V3_ARCHIVE_SEPARATE_STORAGE_3_IMPORT_SAFE
A3: ARCH2025_BIAYA_01_P1_0002 | B3: active | C3: 2025 | D3: 1 | E3: 46010 | F3: 1 | G3: panen | H3: upah panen | I3: 11.887 x 170 | J3: 2640000 | K3: SOURCE_2025_HARIAN | L3: 46183.423 | M3: V3_ARCHIVE_SEPARATE_STORAGE_3_IMPORT_SAFE
A4: ARCH2025_BIAYA_01_P1_0003 | B4: active | C4: 2025 | D4: 1 | E4: 46010 | F4: 1 | G4: panen | H4: brondolan | J4: 400000 | K4: SOURCE_2025_HARIAN | L4: 46183.423 | M4: V3_ARCHIVE_SEPARATE_STORAGE_3_IMPORT_SAFE
A5: ARCH2025_BIAYA_01_P1_0004 | B5: active | C5: 2025 | D5: 1 | E5: 46010 | F5: 1 | G5: panen | H5: SPSI | J5: 150000 | K5: SOURCE_2025_HARIAN | L5: 46183.423 | M5: V3_ARCHIVE_SEPARATE_STORAGE_3_IMPORT_SAFE
A6: ARCH2025_BIAYA_01_P1_0005 | B6: active | C6: 2025 | D6: 1 | E6: 46010 | F6: 1 | G6: serba_serbi | H6: ganti oli | J6: 825000 | K6: SOURCE_2025_HARIAN | L6: 46183.423 | M6: V3_ARCHIVE_SEPARATE_STORAGE_3_IMPORT_SAFE
A7: ARCH2025_BIAYA_01_P1_0006 | B7: active | C7: 2025 | D7: 1 | E7: 46010 | F7: 1 | G7: serba_serbi | H7: beras | J7: 1096000 | K7: SOURCE_2025_HARIAN | L7: 46183.423 | M7: V3_ARCHIVE_SEPARATE_STORAGE_3_IMPORT_SAFE
A8: ARCH2025_BIAYA_01_P1_0007 | B8: active | C8: 2025 | D8: 1 | E8: 46010 | F8: 1 | G8: panen | H8: egrek | J8: 295000 | K8: SOURCE_2025_HARIAN | L8: 46183.423 | M8: V3_ARCHIVE_SEPARATE_STORAGE_3_IMPORT_SAFE
A9: ARCH2025_BIAYA_01_P1_0008 | B9: active | C9: 2025 | D9: 1 | E9: 46010 | F9: 1 | G9: serba_serbi | H9: durian | J9: 665000 | K9: SOURCE_2025_HARIAN | L9: 46183.423 | M9: V3_ARCHIVE_SEPARATE_STORAGE_3_IMPORT_SAFE
A10: ARCH2025_BIAYA_01_P1_0009 | B10: active | C10: 2025 | D10: 1 | E10: 46010 | F10: 1 | G10: jangkos | H10: jangkos | J10: 4500000 | K10: SOURCE_2025_HARIAN | L10: 46183.423 | M10: V3_ARCHIVE_SEPARATE_STORAGE_3_IMPORT_SAFE
A11: ARCH2025_BIAYA_01_P1_0010 | B11: active | C11: 2025 | D11: 1 | E11: 46010 | F11: 1 | G11: serba_serbi | H11: PLN | J11: 110000 | K11: SOURCE_2025_HARIAN | L11: 46183.423 | M11: V3_ARCHIVE_SEPARATE_STORAGE_3_IMPORT_SAFE
A12: ARCH2025_BIAYA_01_P1_0011 | B12: active | C12: 2025 | D12: 1 | E12: 46010 | F12: 1 | G12: serba_serbi | H12: lampu | J12: 50000 | K12: SOURCE_2025_HARIAN | L12: 46183.423 | M12: V3_ARCHIVE_SEPARATE_STORAGE_3_IMPORT_SAFE
A13: ARCH2025_BIAYA_01_P1_0012 | B13: active | C13: 2025 | D13: 1 | E13: 46010 | F13: 1 | G13: serba_serbi | H13: berobat | J13: 240000 | K13: SOURCE_2025_HARIAN | L13: 46183.423 | M13: V3_ARCHIVE_SEPARATE_STORAGE_3_IMPORT_SAFE
A14: ARCH2025_BIAYA_01_P2_0013 | B14: active | C14: 2025 | D14: 1 | E14: 46044 | F14: 2 | G14: panen | H14: ongkos mobil | I14: 14.299 x 120 | J14: 1494000 | K14: SOURCE_2025_HARIAN | L14: 46183.423 | M14: V3_ARCHIVE_SEPARATE_STORAGE_3_IMPORT_SAFE
A15: ARCH2025_BIAYA_01_P2_0014 | B15: active | C15: 2025 | D15: 1 | E15: 46044 | F15: 2 | G15: panen | H15: upah panen | I15: 14.299 x 170 | J15: 2880000 | K15: SOURCE_2025_HARIAN | L15: 46183.423 | M15: V3_ARCHIVE_SEPARATE_STORAGE_3_IMPORT_SAFE
A16: ARCH2025_BIAYA_01_P2_0015 | B16: active | C16: 2025 | D16: 1 | E16: 46044 | F16: 2 | G16: panen | H16: brondolan | J16: 400000 | K16: SOURCE_2025_HARIAN | L16: 46183.423 | M16: V3_ARCHIVE_SEPARATE_STORAGE_3_IMPORT_SAFE
A17: ARCH2025_BIAYA_01_P2_0016 | B17: active | C17: 2025 | D17: 1 | E17: 46044 | F17: 2 | G17: panen | H17: SPSI | J17: 150000 | K17: SOURCE_2025_HARIAN | L17: 46183.423 | M17: V3_ARCHIVE_SEPARATE_STORAGE_3_IMPORT_SAFE
A18: ARCH2025_BIAYA_01_P2_0017 | B18: active | C18: 2025 | D18: 1 | E18: 46044 | F18: 2 | G18: serba_serbi | H18: gaji along, ijal | J18: 3500000 | K18: SOURCE_2025_HARIAN | L18: 46183.423 | M18: V3_ARCHIVE_SEPARATE_STORAGE_3_IMPORT_SAFE
A19: ARCH2025_BIAYA_01_P2_0018 | B19: active | C19: 2025 | D19: 1 | E19: 46044 | F19: 2 | G19: perawatan | H19: lansir | J19: 2000000 | K19: SOURCE_2025_HARIAN | L19: 46183.423 | M19: V3_ARCHIVE_SEPARATE_STORAGE_3_IMPORT_SAFE
A20: ARCH2025_BIAYA_01_P2_0019 | B20: active | C20: 2025 | D20: 1 | E20: 46044 | F20: 2 | G20: serba_serbi | H20: PLN | J20: 110000 | K20: SOURCE_2025_HARIAN | L20: 46183.423 | M20: V3_ARCHIVE_SEPARATE_STORAGE_3_IMPORT_SAFE
A21: ARCH2025_BIAYA_01_P2_0020 | B21: active | C21: 2025 | D21: 1 | E21: 46044 | F21: 2 | G21: perawatan | H21: tunas | J21: 4029000 | K21: SOURCE_2025_HARIAN | L21: 46183.423 | M21: V3_ARCHIVE_SEPARATE_STORAGE_3_IMPORT_SAFE
A22: ARCH2025_BIAYA_01_P2_0021 | B22: active | C22: 2025 | D22: 1 | E22: 46044 | F22: 2 | G22: perawatan | H22: babat | J22: 7750000 | K22: SOURCE_2025_HARIAN | L22: 46183.423 | M22: V3_ARCHIVE_SEPARATE_STORAGE_3_IMPORT_SAFE
A23: ARCH2025_BIAYA_02_P1_0022 | B23: active | C23: 2025 | D23: 2 | E23: 46055 | F23: 1 | G23: panen | H23: ongkos mobil | I23: 11.609 x 120 | J23: 1377000 | K23: SOURCE_2025_HARIAN | L23: 46183.423 | M23: V3_ARCHIVE_SEPARATE_STORAGE_3_IMPORT_SAFE
A24: ARCH2025_BIAYA_02_P1_0023 | B24: active | C24: 2025 | D24: 2 | E24: 46055 | F24: 1 | G24: panen | H24: upah panen | I24: 11.609 x 170 | J24: 2423090 | K24: SOURCE_2025_HARIAN | L24: 46183.423 | M24: V3_ARCHIVE_SEPARATE_STORAGE_3_IMPORT_SAFE
A25: ARCH2025_BIAYA_02_P1_0024 | B25: active | C25: 2025 | D25: 2 | E25: 46055 | F25: 1 | G25: panen | H25: brondolan | J25: 400000 | K25: SOURCE_2025_HARIAN | L25: 46183.423 | M25: V3_ARCHIVE_SEPARATE_STORAGE_3_IMPORT_SAFE
A26: ARCH2025_BIAYA_02_P1_0025 | B26: active | C26: 2025 | D26: 2 | E26: 46055 | F26: 1 | G26: panen | H26: SPSI | J26: 100000 | K26: SOURCE_2025_HARIAN | L26: 46183.423 | M26: V3_ARCHIVE_SEPARATE_STORAGE_3_IMPORT_SAFE
A27: ARCH2025_BIAYA_02_P1_0026 | B27: active | C27: 2025 | D27: 2 | E27: 46055 | F27: 1 | G27: serba_serbi | H27: papan | J27: 1800000 | K27: SOURCE_2025_HARIAN | L27: 46183.423 | M27: V3_ARCHIVE_SEPARATE_STORAGE_3_IMPORT_SAFE
A28: ARCH2025_BIAYA_02_P1_0027 | B28: active | C28: 2025 | D28: 2 | E28: 46055 | F28: 1 | G28: serba_serbi | H28: beras | J28: 982000 | K28: SOURCE_2025_HARIAN | L28: 46183.423 | M28: V3_ARCHIVE_SEPARATE_STORAGE_3_IMPORT_SAFE
A29: ARCH2025_BIAYA_02_P1_0028 | B29: active | C29: 2025 | D29: 2 | E29: 46055 | F29: 1 | G29: batu | H29: pasir kem | J29: 1700000 | K29: SOURCE_2025_HARIAN | L29: 46183.423 | M29: V3_ARCHIVE_SEPARATE_STORAGE_3_IMPORT_SAFE
A30: ARCH2025_BIAYA_02_P1_0029 | B30: active | C30: 2025 | D30: 2 | E30: 46055 | F30: 1 | G30: serba_serbi | H30: PLN | J30: 110000 | K30: SOURCE_2025_HARIAN | L30: 46183.423 | M30: V3_ARCHIVE_SEPARATE_STORAGE_3_IMPORT_SAFE
A31: ARCH2025_BIAYA_02_P1_0030 | B31: active | C31: 2025 | D31: 2 | E31: 46055 | F31: 1 | G31: perawatan | H31: tunas | J31: 880000 | K31: SOURCE_2025_HARIAN | L31: 46183.423 | M31: V3_ARCHIVE_SEPARATE_STORAGE_3_IMPORT_SAFE
A32: ARCH2025_BIAYA_02_P1_0031 | B32: active | C32: 2025 | D32: 2 | E32: 46055 | F32: 1 | G32: pupuk | H32: dolomit | I32: 130 karrung x 50.000 | J32: 6500000 | K32: SOURCE_2025_HARIAN | L32: 46183.423 | M32: V3_ARCHIVE_SEPARATE_STORAGE_3_IMPORT_SAFE
A33: ARCH2025_BIAYA_02_P1_0032 | B33: active | C33: 2025 | D33: 2 | E33: 46055 | F33: 1 | G33: perawatan | H33: lansir | J33: 1000000 | K33: SOURCE_2025_HARIAN | L33: 46183.423 | M33: V3_ARCHIVE_SEPARATE_STORAGE_3_IMPORT_SAFE
A34: ARCH2025_BIAYA_02_P1_0033 | B34: active | C34: 2025 | D34: 2 | E34: 46055 | F34: 1 | G34: serba_serbi | H34: pajak mobil | J34: 5600000 | K34: SOURCE_2025_HARIAN | L34: 46183.423 | M34: V3_ARCHIVE_SEPARATE_STORAGE_3_IMPORT_SAFE
A35: ARCH2025_BIAYA_02_P1_0034 | B35: active | C35: 2025 | D35: 2 | E35: 46055 | F35: 1 | G35: perawatan | H35: babat | J35: 325000 | K35: SOURCE_2025_HARIAN | L35: 46183.423 | M35: V3_ARCHIVE_SEPARATE_STORAGE_3_IMPORT_SAFE
A36: ARCH2025_BIAYA_02_P2_0035 | B36: active | C36: 2025 | D36: 2 | E36: 46069 | F36: 2 | G36: panen | H36: ongkos mobil | I36: 13.123 x 120 | J36: 1126000 | K36: SOURCE_2025_HARIAN | L36: 46183.423 | M36: V3_ARCHIVE_SEPARATE_STORAGE_3_IMPORT_SAFE
A37: ARCH2025_BIAYA_02_P2_0036 | B37: active | C37: 2025 | D37: 2 | E37: 46069 | F37: 2 | G37: panen | H37: upah panen | I37: 13.123 x 170 | J37: 2681000 | K37: SOURCE_2025_HARIAN | L37: 46183.423 | M37: V3_ARCHIVE_SEPARATE_STORAGE_3_IMPORT_SAFE
A38: ARCH2025_BIAYA_02_P2_0037 | B38: active | C38: 2025 | D38: 2 | E38: 46069 | F38: 2 | G38: panen | H38: brondolan | J38: 400000 | K38: SOURCE_2025_HARIAN | L38: 46183.423 | M38: V3_ARCHIVE_SEPARATE_STORAGE_3_IMPORT_SAFE
A39: ARCH2025_BIAYA_02_P2_0038 | B39: active | C39: 2025 | D39: 2 | E39: 46069 | F39: 2 | G39: panen | H39: SPSI | J39: 150000 | K39: SOURCE_2025_HARIAN | L39: 46183.423 | M39: V3_ARCHIVE_SEPARATE_STORAGE_3_IMPORT_SAFE
A40: ARCH2025_BIAYA_02_P2_0039 | B40: active | C40: 2025 | D40: 2 | E40: 46069 | F40: 2 | G40: serba_serbi | H40: gaji along, ijal | J40: 3500000 | K40: SOURCE_2025_HARIAN | L40: 46183.423 | M40: V3_ARCHIVE_SEPARATE_STORAGE_3_IMPORT_SAFE
A41: ARCH2025_BIAYA_02_P2_0040 | B41: active | C41: 2025 | D41: 2 | E41: 46069 | F41: 2 | G41: serba_serbi | H41: kayu | J41: 150000 | K41: SOURCE_2025_HARIAN | L41: 46183.423 | M41: V3_ARCHIVE_SEPARATE_STORAGE_3_IMPORT_SAFE
A42: ARCH2025_BIAYA_02_P2_0041 | B42: active | C42: 2025 | D42: 2 | E42: 46069 | F42: 2 | G42: serba_serbi | H42: proposal | J42: 200000 | K42: SOURCE_2025_HARIAN | L42: 46183.423 | M42: V3_ARCHIVE_SEPARATE_STORAGE_3_IMPORT_SAFE
A43: ARCH2025_BIAYA_02_P2_0042 | B43: active | C43: 2025 | D43: 2 | E43: 46069 | F43: 2 | G43: serba_serbi | H43: kabel PLN | J43: 100000 | K43: SOURCE_2025_HARIAN | L43: 46183.423 | M43: V3_ARCHIVE_SEPARATE_STORAGE_3_IMPORT_SAFE
A44: ARCH2025_BIAYA_02_P2_0043 | B44: active | C44: 2025 | D44: 2 | E44: 46069 | F44: 2 | G44: perawatan | H44: tunas | J44: 4780000 | K44: SOURCE_2025_HARIAN | L44: 46183.423 | M44: V3_ARCHIVE_SEPARATE_STORAGE_3_IMPORT_SAFE
A45: ARCH2025_BIAYA_02_P2_0044 | B45: active | C45: 2025 | D45: 2 | E45: 46069 | F45: 2 | G45: perawatan | H45: babat | J45: 650000 | K45: SOURCE_2025_HARIAN | L45: 46183.423 | M45: V3_ARCHIVE_SEPARATE_STORAGE_3_IMPORT_SAFE
A46: ARCH2025_BIAYA_02_P2_0045 | B46: active | C46: 2025 | D46: 2 | E46: 46069 | F46: 2 | G46: jangkos | H46: jangkos | I46: 16 mobil x 500.000 | J46: 8000000 | K46: SOURCE_2025_HARIAN | L46: 46183.423 | M46: V3_ARCHIVE_SEPARATE_STORAGE_3_IMPORT_SAFE
A47: ARCH2025_BIAYA_02_P2_0046 | B47: active | C47: 2025 | D47: 2 | E47: 46069 | F47: 2 | G47: serba_serbi | H47: minyak robin | J47: 80000 | K47: SOURCE_2025_HARIAN | L47: 46183.423 | M47: V3_ARCHIVE_SEPARATE_STORAGE_3_IMPORT_SAFE
A48: ARCH2025_BIAYA_03_P1_0047 | B48: active | C48: 2025 | D48: 3 | E48: 46085 | F48: 1 | G48: panen | H48: ongkos mobil | I48: 14.724 x 120 | J48: 1653000 | K48: SOURCE_2025_HARIAN | L48: 46183.423 | M48: V3_ARCHIVE_SEPARATE_STORAGE_3_IMPORT_SAFE
A49: ARCH2025_BIAYA_03_P1_0048 | B49: active | C49: 2025 | D49: 3 | E49: 46085 | F49: 1 | G49: panen | H49: upah panen | I49: 14.724 x 170 | J49: 2953000 | K49: SOURCE_2025_HARIAN | L49: 46183.423 | M49: V3_ARCHIVE_SEPARATE_STORAGE_3_IMPORT_SAFE
A50: ARCH2025_BIAYA_03_P1_0049 | B50: active | C50: 2025 | D50: 3 | E50: 46085 | F50: 1 | G50: panen | H50: brondolan | J50: 550000 | K50: SOURCE_2025_HARIAN | L50: 46183.423 | M50: V3_ARCHIVE_SEPARATE_STORAGE_3_IMPORT_SAFE
A51: ARCH2025_BIAYA_03_P1_0050 | B51: active | C51: 2025 | D51: 3 | E51: 46085 | F51: 1 | G51: panen | H51: SPSI | J51: 150000 | K51: SOURCE_2025_HARIAN | L51: 46183.423 | M51: V3_ARCHIVE_SEPARATE_STORAGE_3_IMPORT_SAFE
A52: ARCH2025_BIAYA_03_P1_0051 | B52: active | C52: 2025 | D52: 3 | E52: 46085 | F52: 1 | G52: serba_serbi | H52: PLN | J52: 260000 | K52: SOURCE_2025_HARIAN | L52: 46183.423 | M52: V3_ARCHIVE_SEPARATE_STORAGE_3_IMPORT_SAFE
A53: ARCH2025_BIAYA_03_P1_0052 | B53: active | C53: 2025 | D53: 3 | E53: 46085 | F53: 1 | G53: serba_serbi | H53: KIR, paku, Oli | J53: 1140000 | K53: SOURCE_2025_HARIAN | L53: 46183.423 | M53: V3_ARCHIVE_SEPARATE_STORAGE_3_IMPORT_SAFE
A54: ARCH2025_BIAYA_03_P1_0053 | B54: active | C54: 2025 | D54: 3 | E54: 46085 | F54: 1 | G54: jangkos | H54: jangkos | J54: 2500000 | K54: SOURCE_2025_HARIAN | L54: 46183.423 | M54: V3_ARCHIVE_SEPARATE_STORAGE_3_IMPORT_SAFE
A55: ARCH2025_BIAYA_03_P1_0054 | B55: active | C55: 2025 | D55: 3 | E55: 46085 | F55: 1 | G55: pupuk | H55: pupuk RP | I55: 140 karung x 135.000 | J55: 18900000 | K55: SOURCE_2025_HARIAN | L55: 46183.423 | M55: V3_ARCHIVE_SEPARATE_STORAGE_3_IMPORT_SAFE
A56: ARCH2025_BIAYA_03_P1_0055 | B56: active | C56: 2025 | D56: 3 | E56: 46085 | F56: 1 | G56: pupuk | H56: ongkos pupuk | J56: 300000 | K56: SOURCE_2025_HARIAN | L56: 46183.423 | M56: V3_ARCHIVE_SEPARATE_STORAGE_3_IMPORT_SAFE
A57: ARCH2025_BIAYA_03_P1_0056 | B57: active | C57: 2025 | D57: 3 | E57: 46085 | F57: 1 | G57: perawatan | H57: babat | J57: 4700000 | K57: SOURCE_2025_HARIAN | L57: 46183.423 | M57: V3_ARCHIVE_SEPARATE_STORAGE_3_IMPORT_SAFE
A58: ARCH2025_BIAYA_03_P1_0057 | B58: active | C58: 2025 | D58: 3 | E58: 46085 | F58: 1 | G58: serba_serbi | H58: besi | J58: 3650000 | K58: SOURCE_2025_HARIAN | L58: 46183.423 | M58: V3_ARCHIVE_SEPARATE_STORAGE_3_IMPORT_SAFE
A59: ARCH2025_BIAYA_03_P1_0058 | B59: active | C59: 2025 | D59: 3 | E59: 46085 | F59: 1 | G59: alat_berat | H59: alat berat | J59: 8100000 | K59: SOURCE_2025_HARIAN | L59: 46183.423 | M59: V3_ARCHIVE_SEPARATE_STORAGE_3_IMPORT_SAFE
A60: ARCH2025_BIAYA_03_P1_0059 | B60: active | C60: 2025 | D60: 3 | E60: 46085 | F60: 1 | G60: serba_serbi | H60: beras | J60: 780000 | K60: SOURCE_2025_HARIAN | L60: 46183.423 | M60: V3_ARCHIVE_SEPARATE_STORAGE_3_IMPORT_SAFE
A61: ARCH2025_BIAYA_03_P1_0060 | B61: active | C61: 2025 | D61: 3 | E61: 46085 | F61: 1 | G61: serba_serbi | H61: konsen kem | J61: 2050000 | K61: SOURCE_2025_HARIAN | L61: 46183.423 | M61: V3_ARCHIVE_SEPARATE_STORAGE_3_IMPORT_SAFE
A62: ARCH2025_BIAYA_03_P1_0061 | B62: active | C62: 2025 | D62: 3 | E62: 46085 | F62: 1 | G62: serba_serbi | H62: senter | J62: 130000 | K62: SOURCE_2025_HARIAN | L62: 46183.423 | M62: V3_ARCHIVE_SEPARATE_STORAGE_3_IMPORT_SAFE
A63: ARCH2025_BIAYA_03_P2_0062 | B63: active | C63: 2025 | D63: 3 | E63: 46099 | F63: 2 | G63: panen | H63: ongkos mobil | I63: 13.832 x 120 | J63: 1622000 | K63: SOURCE_2025_HARIAN | L63: 46183.423 | M63: V3_ARCHIVE_SEPARATE_STORAGE_3_IMPORT_SAFE
A64: ARCH2025_BIAYA_03_P2_0063 | B64: active | C64: 2025 | D64: 3 | E64: 46099 | F64: 2 | G64: panen | H64: upah panen | I64: 13.832 x 170 | J64: 2801000 | K64: SOURCE_2025_HARIAN | L64: 46183.423 | M64: V3_ARCHIVE_SEPARATE_STORAGE_3_IMPORT_SAFE
A65: ARCH2025_BIAYA_03_P2_0064 | B65: active | C65: 2025 | D65: 3 | E65: 46099 | F65: 2 | G65: panen | H65: brondolan | J65: 400000 | K65: SOURCE_2025_HARIAN | L65: 46183.423 | M65: V3_ARCHIVE_SEPARATE_STORAGE_3_IMPORT_SAFE
A66: ARCH2025_BIAYA_03_P2_0065 | B66: active | C66: 2025 | D66: 3 | E66: 46099 | F66: 2 | G66: panen | H66: SPSI | J66: 150000 | K66: SOURCE_2025_HARIAN | L66: 46183.423 | M66: V3_ARCHIVE_SEPARATE_STORAGE_3_IMPORT_SAFE
A67: ARCH2025_BIAYA_03_P2_0066 | B67: active | C67: 2025 | D67: 3 | E67: 46099 | F67: 2 | G67: serba_serbi | H67: gaji along, ijal | J67: 3500000 | K67: SOURCE_2025_HARIAN | L67: 46183.423 | M67: V3_ARCHIVE_SEPARATE_STORAGE_3_IMPORT_SAFE
A68: ARCH2025_BIAYA_03_P2_0067 | B68: active | C68: 2025 | D68: 3 | E68: 46099 | F68: 2 | G68: perawatan | H68: lansir | J68: 1000000 | K68: SOURCE_2025_HARIAN | L68: 46183.423 | M68: V3_ARCHIVE_SEPARATE_STORAGE_3_IMPORT_SAFE
A69: ARCH2025_BIAYA_03_P2_0068 | B69: active | C69: 2025 | D69: 3 | E69: 46099 | F69: 2 | G69: pupuk | H69: premi pupuk | I69: 165 karung x 25.000 | J69: 6625000 | K69: SOURCE_2025_HARIAN | L69: 46183.423 | M69: V3_ARCHIVE_SEPARATE_STORAGE_3_IMPORT_SAFE
A70: ARCH2025_BIAYA_03_P2_0069 | B70: active | C70: 2025 | D70: 3 | E70: 46099 | F70: 2 | G70: serba_serbi | H70: proposal | J70: 200000 | K70: SOURCE_2025_HARIAN | L70: 46183.423 | M70: V3_ARCHIVE_SEPARATE_STORAGE_3_IMPORT_SAFE
A71: ARCH2025_BIAYA_03_P2_0070 | B71: active | C71: 2025 | D71: 3 | E71: 46099 | F71: 2 | G71: perawatan | H71: babat | I71: harian | J71: 300000 | K71: SOURCE_2025_HARIAN | L71: 46183.423 | M71: V3_ARCHIVE_SEPARATE_STORAGE_3_IMPORT_SAFE
A72: ARCH2025_BIAYA_03_P2_0071 | B72: active | C72: 2025 | D72: 3 | E72: 46099 | F72: 2 | G72: pupuk | H72: ongkos pupuk | J72: 200000 | K72: SOURCE_2025_HARIAN | L72: 46183.423 | M72: V3_ARCHIVE_SEPARATE_STORAGE_3_IMPORT_SAFE
A73: ARCH2025_BIAYA_03_P2_0072 | B73: active | C73: 2025 | D73: 3 | E73: 46099 | F73: 2 | G73: serba_serbi | H73: PLN | J73: 150000 | K73: SOURCE_2025_HARIAN | L73: 46183.423 | M73: V3_ARCHIVE_SEPARATE_STORAGE_3_IMPORT_SAFE
A74: ARCH2025_BIAYA_03_P2_0073 | B74: active | C74: 2025 | D74: 3 | E74: 46099 | F74: 2 | G74: panen | H74: tojok | J74: 130000 | K74: SOURCE_2025_HARIAN | L74: 46183.423 | M74: V3_ARCHIVE_SEPARATE_STORAGE_3_IMPORT_SAFE
A75: ARCH2025_BIAYA_04_P1_0074 | B75: active | C75: 2025 | D75: 4 | E75: 46113 | F75: 1 | G75: panen | H75: ongkos mobil | I75: 24.197 x 120 | J75: 1976000 | K75: SOURCE_2025_HARIAN | L75: 46183.423 | M75: V3_ARCHIVE_SEPARATE_STORAGE_3_IMPORT_SAFE
A76: ARCH2025_BIAYA_04_P1_0075 | B76: active | C76: 2025 | D76: 4 | E76: 46113 | F76: 1 | G76: panen | H76: upah panen | I76: 24.197 x 170 | J76: 2767000 | K76: SOURCE_2025_HARIAN | L76: 46183.423 | M76: V3_ARCHIVE_SEPARATE_STORAGE_3_IMPORT_SAFE
A77: ARCH2025_BIAYA_04_P1_0076 | B77: active | C77: 2025 | D77: 4 | E77: 46113 | F77: 1 | G77: panen | H77: brondolan | J77: 400000 | K77: SOURCE_2025_HARIAN | L77: 46183.423 | M77: V3_ARCHIVE_SEPARATE_STORAGE_3_IMPORT_SAFE
A78: ARCH2025_BIAYA_04_P1_0077 | B78: active | C78: 2025 | D78: 4 | E78: 46113 | F78: 1 | G78: panen | H78: SPSI | J78: 150000 | K78: SOURCE_2025_HARIAN | L78: 46183.423 | M78: V3_ARCHIVE_SEPARATE_STORAGE_3_IMPORT_SAFE
A79: ARCH2025_BIAYA_04_P1_0078 | B79: active | C79: 2025 | D79: 4 | E79: 46113 | F79: 1 | G79: perawatan | H79: lansir | J79: 1500000 | K79: SOURCE_2025_HARIAN | L79: 46183.423 | M79: V3_ARCHIVE_SEPARATE_STORAGE_3_IMPORT_SAFE
A80: ARCH2025_BIAYA_04_P1_0079 | B80: active | C80: 2025 | D80: 4 | E80: 46113 | F80: 1 | G80: serba_serbi | H80: THR + minum | J80: 4650000 | K80: SOURCE_2025_HARIAN | L80: 46183.423 | M80: V3_ARCHIVE_SEPARATE_STORAGE_3_IMPORT_SAFE
A81: ARCH2025_BIAYA_04_P1_0080 | B81: active | C81: 2025 | D81: 4 | E81: 46113 | F81: 1 | G81: serba_serbi | H81: konsen + ganti ban | J81: 5700000 | K81: SOURCE_2025_HARIAN | L81: 46183.423 | M81: V3_ARCHIVE_SEPARATE_STORAGE_3_IMPORT_SAFE
A82: ARCH2025_BIAYA_04_P1_0081 | B82: active | C82: 2025 | D82: 4 | E82: 46113 | F82: 1 | G82: pupuk | H82: premi pupuk | J82: 975000 | K82: SOURCE_2025_HARIAN | L82: 46183.423 | M82: V3_ARCHIVE_SEPARATE_STORAGE_3_IMPORT_SAFE
A83: ARCH2025_BIAYA_04_P1_0082 | B83: active | C83: 2025 | D83: 4 | E83: 46113 | F83: 1 | G83: perawatan | H83: tunas | J83: 1180000 | K83: SOURCE_2025_HARIAN | L83: 46183.423 | M83: V3_ARCHIVE_SEPARATE_STORAGE_3_IMPORT_SAFE
A84: ARCH2025_BIAYA_04_P1_0083 | B84: active | C84: 2025 | D84: 4 | E84: 46113 | F84: 1 | G84: serba_serbi | H84: PLN | J84: 260000 | K84: SOURCE_2025_HARIAN | L84: 46183.423 | M84: V3_ARCHIVE_SEPARATE_STORAGE_3_IMPORT_SAFE
A85: ARCH2025_BIAYA_04_P1_0084 | B85: active | C85: 2025 | D85: 4 | E85: 46113 | F85: 1 | G85: serba_serbi | H85: serba serbi | J85: 3070000 | K85: SOURCE_2025_HARIAN | L85: 46183.423 | M85: V3_ARCHIVE_SEPARATE_STORAGE_3_IMPORT_SAFE
A86: ARCH2025_BIAYA_04_P1_0085 | B86: active | C86: 2025 | D86: 4 | E86: 46113 | F86: 1 | G86: serba_serbi | H86: perumahan | J86: 6250000 | K86: SOURCE_2025_HARIAN | L86: 46183.423 | M86: V3_ARCHIVE_SEPARATE_STORAGE_3_IMPORT_SAFE
A87: ARCH2025_BIAYA_04_P1_0086 | B87: active | C87: 2025 | D87: 4 | E87: 46113 | F87: 1 | G87: alat_berat | H87: alat berat | J87: 750000 | K87: SOURCE_2025_HARIAN | L87: 46183.423 | M87: V3_ARCHIVE_SEPARATE_STORAGE_3_IMPORT_SAFE
A88: ARCH2025_BIAYA_04_P1_0087 | B88: active | C88: 2025 | D88: 4 | E88: 46113 | F88: 1 | G88: pupuk | H88: urea | I88: 95 karung x 365.000 | J88: 34675000 | K88: SOURCE_2025_HARIAN | L88: 46183.423 | M88: V3_ARCHIVE_SEPARATE_STORAGE_3_IMPORT_SAFE
A89: ARCH2025_BIAYA_04_P1_0088 | B89: active | C89: 2025 | D89: 4 | E89: 46113 | F89: 1 | G89: pupuk | H89: pupuk NPK | I89: 19 karung x 385.000 | J89: 7315000 | K89: SOURCE_2025_HARIAN | L89: 46183.423 | M89: V3_ARCHIVE_SEPARATE_STORAGE_3_IMPORT_SAFE
A90: ARCH2025_BIAYA_04_P2_0089 | B90: active | C90: 2025 | D90: 4 | E90: 46120 | F90: 2 | G90: panen | H90: ongkos mobil | I90: 33.431 x 120 | J90: 3815000 | K90: SOURCE_2025_HARIAN | L90: 46183.423 | M90: V3_ARCHIVE_SEPARATE_STORAGE_3_IMPORT_SAFE
A91: ARCH2025_BIAYA_04_P2_0090 | B91: active | C91: 2025 | D91: 4 | E91: 46120 | F91: 2 | G91: panen | H91: upah panen | I91: 33.431 x 170 | J91: 7930000 | K91: SOURCE_2025_HARIAN | L91: 46183.423 | M91: V3_ARCHIVE_SEPARATE_STORAGE_3_IMPORT_SAFE
A92: ARCH2025_BIAYA_04_P2_0091 | B92: active | C92: 2025 | D92: 4 | E92: 46120 | F92: 2 | G92: panen | H92: brondolan | J92: 1000000 | K92: SOURCE_2025_HARIAN | L92: 46183.423 | M92: V3_ARCHIVE_SEPARATE_STORAGE_3_IMPORT_SAFE
A93: ARCH2025_BIAYA_04_P2_0092 | B93: active | C93: 2025 | D93: 4 | E93: 46120 | F93: 2 | G93: panen | H93: SPSI | J93: 350000 | K93: SOURCE_2025_HARIAN | L93: 46183.423 | M93: V3_ARCHIVE_SEPARATE_STORAGE_3_IMPORT_SAFE
A94: ARCH2025_BIAYA_04_P2_0093 | B94: active | C94: 2025 | D94: 4 | E94: 46120 | F94: 2 | G94: perawatan | H94: lansir | J94: 2250000 | K94: SOURCE_2025_HARIAN | L94: 46183.423 | M94: V3_ARCHIVE_SEPARATE_STORAGE_3_IMPORT_SAFE
A95: ARCH2025_BIAYA_04_P2_0094 | B95: active | C95: 2025 | D95: 4 | E95: 46120 | F95: 2 | G95: serba_serbi | H95: PLN | J95: 100000 | K95: SOURCE_2025_HARIAN | L95: 46183.423 | M95: V3_ARCHIVE_SEPARATE_STORAGE_3_IMPORT_SAFE
A96: ARCH2025_BIAYA_04_P2_0095 | B96: active | C96: 2025 | D96: 4 | E96: 46120 | F96: 2 | G96: serba_serbi | H96: serba serbi | J96: 2352000 | K96: SOURCE_2025_HARIAN | L96: 46183.423 | M96: V3_ARCHIVE_SEPARATE_STORAGE_3_IMPORT_SAFE
A97: ARCH2025_BIAYA_04_P2_0096 | B97: active | C97: 2025 | D97: 4 | E97: 46120 | F97: 2 | G97: serba_serbi | H97: gaji along, ijal + THR | J97: 8500000 | K97: SOURCE_2025_HARIAN | L97: 46183.423 | M97: V3_ARCHIVE_SEPARATE_STORAGE_3_IMPORT_SAFE
A98: ARCH2025_BIAYA_04_P2_0097 | B98: active | C98: 2025 | D98: 4 | E98: 46120 | F98: 2 | G98: alat_berat | H98: alat berat | J98: 6000000 | K98: SOURCE_2025_HARIAN | L98: 46183.423 | M98: V3_ARCHIVE_SEPARATE_STORAGE_3_IMPORT_SAFE
A99: ARCH2025_BIAYA_04_P2_0098 | B99: active | C99: 2025 | D99: 4 | E99: 46120 | F99: 2 | G99: pupuk | H99: premi pupuk | J99: 2375000 | K99: SOURCE_2025_HARIAN | L99: 46183.423 | M99: V3_ARCHIVE_SEPARATE_STORAGE_3_IMPORT_SAFE
A100: ARCH2025_BIAYA_04_P2_0099 | B100: active | C100: 2025 | D100: 4 | E100: 46120 | F100: 2 | G100: perawatan | H100: tunas | J100: 4585000 | K100: SOURCE_2025_HARIAN | L100: 46183.423 | M100: V3_ARCHIVE_SEPARATE_STORAGE_3_IMPORT_SAFE
...

Sheet ARCHIVE_KAS
A1: tx_id | B1: status | C1: periode_tahun | D1: periode_bulan | E1: tanggal_bukti | F1: panen_ke | G1: jenis_kas | H1: keterangan | I1: jumlah | J1: akun_sumber | K1: akun_tujuan | L1: source_row | M1: archived_at | N1: archive_version | O1: created_at | P1: updated_at | Q1: sumber_file | R1: batch_id | S1: archive_source | T1: closed_year | U1: closed_to_year | V1: close_year_batch_id
A2: ARCH2025_KAS_03_P2_0001 | B2: active | C2: 2025 | D2: 3 | E2: 46099 | F2: 2 | G2: transfer | H2: transfer | I2: 25000000 | L2: SOURCE_2025_HARIAN | M2: 46183.423 | N2: V3_ARCHIVE_SEPARATE_STORAGE_3_IMPORT_SAFE
A3: ARCH2025_KAS_05_P1_0002 | B3: active | C3: 2025 | D3: 5 | E3: 46134 | F3: 1 | G3: kas_masuk | H3: kas | I3: 21000000 | L3: SOURCE_2025_HARIAN | M3: 46183.423 | N3: V3_ARCHIVE_SEPARATE_STORAGE_3_IMPORT_SAFE
A4: ARCH2025_KAS_05_P1_0003 | B4: active | C4: 2025 | D4: 5 | E4: 46134 | F4: 1 | G4: transfer | H4: transfer | I4: 29000000 | L4: SOURCE_2025_HARIAN | M4: 46183.423 | N4: V3_ARCHIVE_SEPARATE_STORAGE_3_IMPORT_SAFE
A5: ARCH2025_KAS_05_P2_0004 | B5: active | C5: 2025 | D5: 5 | E5: 46148 | F5: 2 | G5: kas_masuk | H5: kas | I5: 5282480 | L5: SOURCE_2025_HARIAN | M5: 46183.423 | N5: V3_ARCHIVE_SEPARATE_STORAGE_3_IMPORT_SAFE
A6: ARCH2025_KAS_05_P2_0005 | B6: active | C6: 2025 | D6: 5 | E6: 46148 | F6: 2 | G6: potong_pinjaman | H6: potong pinjaman | I6: 1897080 | L6: SOURCE_2025_HARIAN | M6: 46183.423 | N6: V3_ARCHIVE_SEPARATE_STORAGE_3_IMPORT_SAFE
A7: ARCH2025_KAS_06_P1_0006 | B7: active | C7: 2025 | D7: 6 | E7: 46187 | F7: 1 | G7: pinjaman | H7: pinjaman | I7: 7300000 | L7: SOURCE_2025_HARIAN | M7: 46183.423 | N7: V3_ARCHIVE_SEPARATE_STORAGE_3_IMPORT_SAFE
A8: ARCH2025_KAS_06_P2_0007 | B8: active | C8: 2025 | D8: 6 | E8: 46201 | F8: 2 | G8: pinjaman | H8: pinjaman | I8: 1500000 | L8: SOURCE_2025_HARIAN | M8: 46183.423 | N8: V3_ARCHIVE_SEPARATE_STORAGE_3_IMPORT_SAFE
A9: ARCH2025_KAS_06_P2_0008 | B9: active | C9: 2025 | D9: 6 | E9: 46201 | F9: 2 | G9: potong_pinjaman | H9: potong pinjaman | I9: 6300000 | L9: SOURCE_2025_HARIAN | M9: 46183.423 | N9: V3_ARCHIVE_SEPARATE_STORAGE_3_IMPORT_SAFE
A10: ARCH2025_KAS_07_P1_0009 | B10: active | C10: 2025 | D10: 7 | E10: 46213 | F10: 1 | G10: pinjaman | H10: pinjaman | I10: 4000000 | L10: SOURCE_2025_HARIAN | M10: 46183.423 | N10: V3_ARCHIVE_SEPARATE_STORAGE_3_IMPORT_SAFE
A11: ARCH2025_KAS_07_P2_0010 | B11: active | C11: 2025 | D11: 7 | E11: 46226 | F11: 2 | G11: kas_masuk | H11: kas | I11: 6726150 | L11: SOURCE_2025_HARIAN | M11: 46183.423 | N11: V3_ARCHIVE_SEPARATE_STORAGE_3_IMPORT_SAFE
A12: ARCH2025_KAS_07_P2_0011 | B12: active | C12: 2025 | D12: 7 | E12: 46226 | F12: 2 | G12: pinjaman | H12: pinjaman | I12: 1000000 | L12: SOURCE_2025_HARIAN | M12: 46183.423 | N12: V3_ARCHIVE_SEPARATE_STORAGE_3_IMPORT_SAFE
A13: ARCH2025_KAS_07_P2_0012 | B13: active | C13: 2025 | D13: 7 | E13: 46226 | F13: 2 | G13: potong_pinjaman | H13: potong pinjaman | I13: 5400000 | L13: SOURCE_2025_HARIAN | M13: 46183.423 | N13: V3_ARCHIVE_SEPARATE_STORAGE_3_IMPORT_SAFE
... A39: ARCH2025_KAS_12_P1_0038 | B39: active | C39: 2025 | D39: 12 | E39: 46350 | F39: 1 | G39: transfer | H39: transfer | I39: 62000000 | L39: SOURCE_2025_HARIAN | M39: 46183.423 | N39: V3_ARCHIVE_SEPARATE_STORAGE_3_IMPORT_SAFE

Sheet STAGING_PENJUALAN_ARCHIVE
A1: tx_id | B1: status | C1: periode_tahun | D1: periode_bulan | E1: tanggal_bukti | F1: panen_ke | G1: panen_kg | H1: harga | I1: jumlah | J1: keterangan | K1: source_row
A2: ARCH2025_JUAL_01_P1 | B2: active | C2: 2025 | D2: 1 | E2: 46375 | F2: 1 | G2: 11887 | H2: 3244 | I2: 38558880 | J2: Januari - Panen 1 | K2: SOURCE_2025_HARIAN
A3: ARCH2025_JUAL_01_P2 | B3: active | C3: 2025 | D3: 1 | E3: 46044 | F3: 2 | G3: 14299 | H3: 2941 | I3: 42056380 | J3: Januari - Panen 2 | K3: SOURCE_2025_HARIAN
A4: ARCH2025_JUAL_02_P1 | B4: active | C4: 2025 | D4: 2 | E4: 46055 | F4: 1 | G4: 11609 | H4: 2879 | I4: 33418400 | J4: Februari - Panen 1 | K4: SOURCE_2025_HARIAN
A5: ARCH2025_JUAL_02_P2 | B5: active | C5: 2025 | D5: 2 | E5: 46069 | F5: 2 | G5: 13123 | H5: 3078 | I5: 40394870 | J5: Februari - Panen 2 | K5: SOURCE_2025_HARIAN
A6: ARCH2025_JUAL_03_P1 | B6: active | C6: 2025 | D6: 3 | E6: 46085 | F6: 1 | G6: 14724 | H6: 3351 | I6: 49338560 | J6: Maret - Panen 1 | K6: SOURCE_2025_HARIAN
A7: ARCH2025_JUAL_03_P2 | B7: active | C7: 2025 | D7: 3 | E7: 46099 | F7: 2 | G7: 13832 | H7: 3335 | I7: 46134940 | J7: Maret - Panen 2 | K7: SOURCE_2025_HARIAN
A8: ARCH2025_JUAL_04_P1 | B8: active | C8: 2025 | D8: 4 | F8: 1 | G8: 24197 | H8: 3170 | I8: 76710090 | J8: April - Panen 1 | K8: SOURCE_2025_HARIAN
A9: ARCH2025_JUAL_04_P2 | B9: active | C9: 2025 | D9: 4 | E9: 46120 | F9: 2 | G9: 33431 | H9: 3036 | I9: 101503050 | J9: April - Panen 2 | K9: SOURCE_2025_HARIAN
A10: ARCH2025_JUAL_05_P1 | B10: active | C10: 2025 | D10: 5 | E10: 46134 | F10: 1 | G10: 23107 | H10: 3025 | I10: 69888710 | J10: Mei - Panen 1 | K10: SOURCE_2025_HARIAN
A11: ARCH2025_JUAL_05_P2 | B11: active | C11: 2025 | D11: 5 | E11: 46148 | F11: 2 | G11: 16806 | H11: 2981 | I11: 50104190 | J11: Mei - Panen 2 | K11: SOURCE_2025_HARIAN
A12: ARCH2025_JUAL_06_P1 | B12: active | C12: 2025 | D12: 6 | E12: 46187 | F12: 1 | G12: 17188 | H12: 2827 | I12: 48590390 | J12: Juni - Panen 1 | K12: SOURCE_2025_HARIAN
A13: ARCH2025_JUAL_06_P2 | B13: active | C13: 2025 | D13: 6 | E13: 46201 | F13: 2 | G13: 16989 | H13: 2899 | I13: 49252970 | J13: Juni - Panen 2 | K13: SOURCE_2025_HARIAN
A14: ARCH2025_JUAL_07_P1 | B14: active | C14: 2025 | D14: 7 | E14: 46213 | F14: 1 | G14: 17948 | H14: 3002 | I14: 53885040 | J14: Juli - Panen 1 | K14: SOURCE_2025_HARIAN
A15: ARCH2025_JUAL_07_P2 | B15: active | C15: 2025 | D15: 7 | E15: 46226 | F15: 2 | G15: 19270 | H15: 3180 | I15: 61285340 | J15: Juli - Panen 2 | K15: SOURCE_2025_HARIAN
A16: ARCH2025_JUAL_08_P1 | B16: active | C16: 2025 | D16: 8 | E16: 46240 | F16: 1 | G16: 18013 | H16: 3126 | I16: 56305250 | J16: Agustus - Panen 1 | K16: SOURCE_2025_HARIAN
A17: ARCH2025_JUAL_08_P2 | B17: active | C17: 2025 | D17: 8 | E17: 46253 | F17: 2 | G17: 20623 | H17: 3099 | I17: 63920640 | J17: Agustus - Panen 2 | K17: SOURCE_2025_HARIAN
A18: ARCH2025_JUAL_09_P1 | B18: active | C18: 2025 | D18: 9 | E18: 46267 | F18: 1 | G18: 23404 | H18: 3145 | I18: 73614770 | J18: September - Panen 1 | K18: SOURCE_2025_HARIAN
A19: ARCH2025_JUAL_09_P2 | B19: active | C19: 2025 | D19: 9 | E19: 46281 | F19: 2 | G19: 23430 | H19: 3189 | I19: 74714640 | J19: September - Panen 2 | K19: SOURCE_2025_HARIAN
A20: ARCH2025_JUAL_10_P1 | B20: active | C20: 2025 | D20: 10 | E20: 46295 | F20: 1 | G20: 24803 | H20: 3195 | I20: 79250320 | J20: Oktober - Panen 1 | K20: SOURCE_2025_HARIAN
... A25: ARCH2025_JUAL_12_P2 | B25: active | C25: 2025 | D25: 12 | E25: 46375 | F25: 2 | G25: 25409 | H25: 3106 | I25: 78917740 | J25: Desember - Panen 2 | K25: SOURCE_2025_HARIAN

Sheet STAGING_BIAYA_ARCHIVE
A1: tx_id | B1: status | C1: periode_tahun | D1: periode_bulan | E1: tanggal_bukti | F1: panen_ke | G1: kategori | H1: biaya | I1: keterangan | J1: jumlah | K1: source_row
A2: ARCH2025_BIAYA_01_P1_0001 | B2: active | C2: 2025 | D2: 1 | E2: 46375 | F2: 1 | G2: panen | H2: ongkos mobil | I2: 11.887 x 120 | J2: 1350000 | K2: SOURCE_2025_HARIAN
A3: ARCH2025_BIAYA_01_P1_0002 | B3: active | C3: 2025 | D3: 1 | E3: 46375 | F3: 1 | G3: panen | H3: upah panen | I3: 11.887 x 170 | J3: 2640000 | K3: SOURCE_2025_HARIAN
A4: ARCH2025_BIAYA_01_P1_0003 | B4: active | C4: 2025 | D4: 1 | E4: 46375 | F4: 1 | G4: panen | H4: brondolan | J4: 400000 | K4: SOURCE_2025_HARIAN
A5: ARCH2025_BIAYA_01_P1_0004 | B5: active | C5: 2025 | D5: 1 | E5: 46375 | F5: 1 | G5: panen | H5: SPSI | J5: 150000 | K5: SOURCE_2025_HARIAN
A6: ARCH2025_BIAYA_01_P1_0005 | B6: active | C6: 2025 | D6: 1 | E6: 46375 | F6: 1 | G6: serba_serbi | H6: ganti oli | J6: 825000 | K6: SOURCE_2025_HARIAN
A7: ARCH2025_BIAYA_01_P1_0006 | B7: active | C7: 2025 | D7: 1 | E7: 46375 | F7: 1 | G7: serba_serbi | H7: beras | J7: 1096000 | K7: SOURCE_2025_HARIAN
A8: ARCH2025_BIAYA_01_P1_0007 | B8: active | C8: 2025 | D8: 1 | E8: 46375 | F8: 1 | G8: panen | H8: egrek | J8: 295000 | K8: SOURCE_2025_HARIAN
A9: ARCH2025_BIAYA_01_P1_0008 | B9: active | C9: 2025 | D9: 1 | E9: 46375 | F9: 1 | G9: serba_serbi | H9: durian | J9: 665000 | K9: SOURCE_2025_HARIAN
A10: ARCH2025_BIAYA_01_P1_0009 | B10: active | C10: 2025 | D10: 1 | E10: 46375 | F10: 1 | G10: jangkos | H10: jangkos | J10: 4500000 | K10: SOURCE_2025_HARIAN
A11: ARCH2025_BIAYA_01_P1_0010 | B11: active | C11: 2025 | D11: 1 | E11: 46375 | F11: 1 | G11: serba_serbi | H11: PLN | J11: 110000 | K11: SOURCE_2025_HARIAN
A12: ARCH2025_BIAYA_01_P1_0011 | B12: active | C12: 2025 | D12: 1 | E12: 46375 | F12: 1 | G12: serba_serbi | H12: lampu | J12: 50000 | K12: SOURCE_2025_HARIAN
A13: ARCH2025_BIAYA_01_P1_0012 | B13: active | C13: 2025 | D13: 1 | E13: 46375 | F13: 1 | G13: serba_serbi | H13: berobat | J13: 240000 | K13: SOURCE_2025_HARIAN
A14: ARCH2025_BIAYA_01_P2_0013 | B14: active | C14: 2025 | D14: 1 | E14: 46044 | F14: 2 | G14: panen | H14: ongkos mobil | I14: 14.299 x 120 | J14: 1494000 | K14: SOURCE_2025_HARIAN
A15: ARCH2025_BIAYA_01_P2_0014 | B15: active | C15: 2025 | D15: 1 | E15: 46044 | F15: 2 | G15: panen | H15: upah panen | I15: 14.299 x 170 | J15: 2880000 | K15: SOURCE_2025_HARIAN
A16: ARCH2025_BIAYA_01_P2_0015 | B16: active | C16: 2025 | D16: 1 | E16: 46044 | F16: 2 | G16: panen | H16: brondolan | J16: 400000 | K16: SOURCE_2025_HARIAN
A17: ARCH2025_BIAYA_01_P2_0016 | B17: active | C17: 2025 | D17: 1 | E17: 46044 | F17: 2 | G17: panen | H17: SPSI | J17: 150000 | K17: SOURCE_2025_HARIAN
A18: ARCH2025_BIAYA_01_P2_0017 | B18: active | C18: 2025 | D18: 1 | E18: 46044 | F18: 2 | G18: serba_serbi | H18: gaji along, ijal | J18: 3500000 | K18: SOURCE_2025_HARIAN
A19: ARCH2025_BIAYA_01_P2_0018 | B19: active | C19: 2025 | D19: 1 | E19: 46044 | F19: 2 | G19: perawatan | H19: lansir | J19: 2000000 | K19: SOURCE_2025_HARIAN
A20: ARCH2025_BIAYA_01_P2_0019 | B20: active | C20: 2025 | D20: 1 | E20: 46044 | F20: 2 | G20: serba_serbi | H20: PLN | J20: 110000 | K20: SOURCE_2025_HARIAN
A21: ARCH2025_BIAYA_01_P2_0020 | B21: active | C21: 2025 | D21: 1 | E21: 46044 | F21: 2 | G21: perawatan | H21: tunas | J21: 4029000 | K21: SOURCE_2025_HARIAN
A22: ARCH2025_BIAYA_01_P2_0021 | B22: active | C22: 2025 | D22: 1 | E22: 46044 | F22: 2 | G22: perawatan | H22: babat | J22: 7750000 | K22: SOURCE_2025_HARIAN
A23: ARCH2025_BIAYA_02_P1_0022 | B23: active | C23: 2025 | D23: 2 | E23: 46055 | F23: 1 | G23: panen | H23: ongkos mobil | I23: 11.609 x 120 | J23: 1377000 | K23: SOURCE_2025_HARIAN
A24: ARCH2025_BIAYA_02_P1_0023 | B24: active | C24: 2025 | D24: 2 | E24: 46055 | F24: 1 | G24: panen | H24: upah panen | I24: 11.609 x 170 | J24: 2423090 | K24: SOURCE_2025_HARIAN
A25: ARCH2025_BIAYA_02_P1_0024 | B25: active | C25: 2025 | D25: 2 | E25: 46055 | F25: 1 | G25: panen | H25: brondolan | J25: 400000 | K25: SOURCE_2025_HARIAN
A26: ARCH2025_BIAYA_02_P1_0025 | B26: active | C26: 2025 | D26: 2 | E26: 46055 | F26: 1 | G26: panen | H26: SPSI | J26: 100000 | K26: SOURCE_2025_HARIAN
A27: ARCH2025_BIAYA_02_P1_0026 | B27: active | C27: 2025 | D27: 2 | E27: 46055 | F27: 1 | G27: serba_serbi | H27: papan | J27: 1800000 | K27: SOURCE_2025_HARIAN
A28: ARCH2025_BIAYA_02_P1_0027 | B28: active | C28: 2025 | D28: 2 | E28: 46055 | F28: 1 | G28: serba_serbi | H28: beras | J28: 982000 | K28: SOURCE_2025_HARIAN
A29: ARCH2025_BIAYA_02_P1_0028 | B29: active | C29: 2025 | D29: 2 | E29: 46055 | F29: 1 | G29: batu | H29: pasir kem | J29: 1700000 | K29: SOURCE_2025_HARIAN
A30: ARCH2025_BIAYA_02_P1_0029 | B30: active | C30: 2025 | D30: 2 | E30: 46055 | F30: 1 | G30: serba_serbi | H30: PLN | J30: 110000 | K30: SOURCE_2025_HARIAN
A31: ARCH2025_BIAYA_02_P1_0030 | B31: active | C31: 2025 | D31: 2 | E31: 46055 | F31: 1 | G31: perawatan | H31: tunas | J31: 880000 | K31: SOURCE_2025_HARIAN
A32: ARCH2025_BIAYA_02_P1_0031 | B32: active | C32: 2025 | D32: 2 | E32: 46055 | F32: 1 | G32: pupuk | H32: dolomit | I32: 130 karrung x 50.000 | J32: 6500000 | K32: SOURCE_2025_HARIAN
A33: ARCH2025_BIAYA_02_P1_0032 | B33: active | C33: 2025 | D33: 2 | E33: 46055 | F33: 1 | G33: perawatan | H33: lansir | J33: 1000000 | K33: SOURCE_2025_HARIAN
A34: ARCH2025_BIAYA_02_P1_0033 | B34: active | C34: 2025 | D34: 2 | E34: 46055 | F34: 1 | G34: serba_serbi | H34: pajak mobil | J34: 5600000 | K34: SOURCE_2025_HARIAN
A35: ARCH2025_BIAYA_02_P1_0034 | B35: active | C35: 2025 | D35: 2 | E35: 46055 | F35: 1 | G35: perawatan | H35: babat | J35: 325000 | K35: SOURCE_2025_HARIAN
A36: ARCH2025_BIAYA_02_P2_0035 | B36: active | C36: 2025 | D36: 2 | E36: 46069 | F36: 2 | G36: panen | H36: ongkos mobil | I36: 13.123 x 120 | J36: 1126000 | K36: SOURCE_2025_HARIAN
A37: ARCH2025_BIAYA_02_P2_0036 | B37: active | C37: 2025 | D37: 2 | E37: 46069 | F37: 2 | G37: panen | H37: upah panen | I37: 13.123 x 170 | J37: 2681000 | K37: SOURCE_2025_HARIAN
A38: ARCH2025_BIAYA_02_P2_0037 | B38: active | C38: 2025 | D38: 2 | E38: 46069 | F38: 2 | G38: panen | H38: brondolan | J38: 400000 | K38: SOURCE_2025_HARIAN
A39: ARCH2025_BIAYA_02_P2_0038 | B39: active | C39: 2025 | D39: 2 | E39: 46069 | F39: 2 | G39: panen | H39: SPSI | J39: 150000 | K39: SOURCE_2025_HARIAN
A40: ARCH2025_BIAYA_02_P2_0039 | B40: active | C40: 2025 | D40: 2 | E40: 46069 | F40: 2 | G40: serba_serbi | H40: gaji along, ijal | J40: 3500000 | K40: SOURCE_2025_HARIAN
A41: ARCH2025_BIAYA_02_P2_0040 | B41: active | C41: 2025 | D41: 2 | E41: 46069 | F41: 2 | G41: serba_serbi | H41: kayu | J41: 150000 | K41: SOURCE_2025_HARIAN
A42: ARCH2025_BIAYA_02_P2_0041 | B42: active | C42: 2025 | D42: 2 | E42: 46069 | F42: 2 | G42: serba_serbi | H42: proposal | J42: 200000 | K42: SOURCE_2025_HARIAN
A43: ARCH2025_BIAYA_02_P2_0042 | B43: active | C43: 2025 | D43: 2 | E43: 46069 | F43: 2 | G43: serba_serbi | H43: kabel PLN | J43: 100000 | K43: SOURCE_2025_HARIAN
A44: ARCH2025_BIAYA_02_P2_0043 | B44: active | C44: 2025 | D44: 2 | E44: 46069 | F44: 2 | G44: perawatan | H44: tunas | J44: 4780000 | K44: SOURCE_2025_HARIAN
A45: ARCH2025_BIAYA_02_P2_0044 | B45: active | C45: 2025 | D45: 2 | E45: 46069 | F45: 2 | G45: perawatan | H45: babat | J45: 650000 | K45: SOURCE_2025_HARIAN
A46: ARCH2025_BIAYA_02_P2_0045 | B46: active | C46: 2025 | D46: 2 | E46: 46069 | F46: 2 | G46: jangkos | H46: jangkos | I46: 16 mobil x 500.000 | J46: 8000000 | K46: SOURCE_2025_HARIAN
A47: ARCH2025_BIAYA_02_P2_0046 | B47: active | C47: 2025 | D47: 2 | E47: 46069 | F47: 2 | G47: serba_serbi | H47: minyak robin | J47: 80000 | K47: SOURCE_2025_HARIAN
A48: ARCH2025_BIAYA_03_P1_0047 | B48: active | C48: 2025 | D48: 3 | E48: 46085 | F48: 1 | G48: panen | H48: ongkos mobil | I48: 14.724 x 120 | J48: 1653000 | K48: SOURCE_2025_HARIAN
A49: ARCH2025_BIAYA_03_P1_0048 | B49: active | C49: 2025 | D49: 3 | E49: 46085 | F49: 1 | G49: panen | H49: upah panen | I49: 14.724 x 170 | J49: 2953000 | K49: SOURCE_2025_HARIAN
A50: ARCH2025_BIAYA_03_P1_0049 | B50: active | C50: 2025 | D50: 3 | E50: 46085 | F50: 1 | G50: panen | H50: brondolan | J50: 550000 | K50: SOURCE_2025_HARIAN
A51: ARCH2025_BIAYA_03_P1_0050 | B51: active | C51: 2025 | D51: 3 | E51: 46085 | F51: 1 | G51: panen | H51: SPSI | J51: 150000 | K51: SOURCE_2025_HARIAN
A52: ARCH2025_BIAYA_03_P1_0051 | B52: active | C52: 2025 | D52: 3 | E52: 46085 | F52: 1 | G52: serba_serbi | H52: PLN | J52: 260000 | K52: SOURCE_2025_HARIAN
A53: ARCH2025_BIAYA_03_P1_0052 | B53: active | C53: 2025 | D53: 3 | E53: 46085 | F53: 1 | G53: serba_serbi | H53: KIR, paku, Oli | J53: 1140000 | K53: SOURCE_2025_HARIAN
A54: ARCH2025_BIAYA_03_P1_0053 | B54: active | C54: 2025 | D54: 3 | E54: 46085 | F54: 1 | G54: jangkos | H54: jangkos | J54: 2500000 | K54: SOURCE_2025_HARIAN
A55: ARCH2025_BIAYA_03_P1_0054 | B55: active | C55: 2025 | D55: 3 | E55: 46085 | F55: 1 | G55: pupuk | H55: pupuk RP | I55: 140 karung x 135.000 | J55: 18900000 | K55: SOURCE_2025_HARIAN
A56: ARCH2025_BIAYA_03_P1_0055 | B56: active | C56: 2025 | D56: 3 | E56: 46085 | F56: 1 | G56: pupuk | H56: ongkos pupuk | J56: 300000 | K56: SOURCE_2025_HARIAN
A57: ARCH2025_BIAYA_03_P1_0056 | B57: active | C57: 2025 | D57: 3 | E57: 46085 | F57: 1 | G57: perawatan | H57: babat | J57: 4700000 | K57: SOURCE_2025_HARIAN
A58: ARCH2025_BIAYA_03_P1_0057 | B58: active | C58: 2025 | D58: 3 | E58: 46085 | F58: 1 | G58: serba_serbi | H58: besi | J58: 3650000 | K58: SOURCE_2025_HARIAN
A59: ARCH2025_BIAYA_03_P1_0058 | B59: active | C59: 2025 | D59: 3 | E59: 46085 | F59: 1 | G59: alat_berat | H59: alat berat | J59: 8100000 | K59: SOURCE_2025_HARIAN
A60: ARCH2025_BIAYA_03_P1_0059 | B60: active | C60: 2025 | D60: 3 | E60: 46085 | F60: 1 | G60: serba_serbi | H60: beras | J60: 780000 | K60: SOURCE_2025_HARIAN
A61: ARCH2025_BIAYA_03_P1_0060 | B61: active | C61: 2025 | D61: 3 | E61: 46085 | F61: 1 | G61: serba_serbi | H61: konsen kem | J61: 2050000 | K61: SOURCE_2025_HARIAN
A62: ARCH2025_BIAYA_03_P1_0061 | B62: active | C62: 2025 | D62: 3 | E62: 46085 | F62: 1 | G62: serba_serbi | H62: senter | J62: 130000 | K62: SOURCE_2025_HARIAN
A63: ARCH2025_BIAYA_03_P2_0062 | B63: active | C63: 2025 | D63: 3 | E63: 46099 | F63: 2 | G63: panen | H63: ongkos mobil | I63: 13.832 x 120 | J63: 1622000 | K63: SOURCE_2025_HARIAN
A64: ARCH2025_BIAYA_03_P2_0063 | B64: active | C64: 2025 | D64: 3 | E64: 46099 | F64: 2 | G64: panen | H64: upah panen | I64: 13.832 x 170 | J64: 2801000 | K64: SOURCE_2025_HARIAN
A65: ARCH2025_BIAYA_03_P2_0064 | B65: active | C65: 2025 | D65: 3 | E65: 46099 | F65: 2 | G65: panen | H65: brondolan | J65: 400000 | K65: SOURCE_2025_HARIAN
A66: ARCH2025_BIAYA_03_P2_0065 | B66: active | C66: 2025 | D66: 3 | E66: 46099 | F66: 2 | G66: panen | H66: SPSI | J66: 150000 | K66: SOURCE_2025_HARIAN
A67: ARCH2025_BIAYA_03_P2_0066 | B67: active | C67: 2025 | D67: 3 | E67: 46099 | F67: 2 | G67: serba_serbi | H67: gaji along, ijal | J67: 3500000 | K67: SOURCE_2025_HARIAN
A68: ARCH2025_BIAYA_03_P2_0067 | B68: active | C68: 2025 | D68: 3 | E68: 46099 | F68: 2 | G68: perawatan | H68: lansir | J68: 1000000 | K68: SOURCE_2025_HARIAN
A69: ARCH2025_BIAYA_03_P2_0068 | B69: active | C69: 2025 | D69: 3 | E69: 46099 | F69: 2 | G69: pupuk | H69: premi pupuk | I69: 165 karung x 25.000 | J69: 6625000 | K69: SOURCE_2025_HARIAN
A70: ARCH2025_BIAYA_03_P2_0069 | B70: active | C70: 2025 | D70: 3 | E70: 46099 | F70: 2 | G70: serba_serbi | H70: proposal | J70: 200000 | K70: SOURCE_2025_HARIAN
A71: ARCH2025_BIAYA_03_P2_0070 | B71: active | C71: 2025 | D71: 3 | E71: 46099 | F71: 2 | G71: perawatan | H71: babat | I71: harian | J71: 300000 | K71: SOURCE_2025_HARIAN
A72: ARCH2025_BIAYA_03_P2_0071 | B72: active | C72: 2025 | D72: 3 | E72: 46099 | F72: 2 | G72: pupuk | H72: ongkos pupuk | J72: 200000 | K72: SOURCE_2025_HARIAN
A73: ARCH2025_BIAYA_03_P2_0072 | B73: active | C73: 2025 | D73: 3 | E73: 46099 | F73: 2 | G73: serba_serbi | H73: PLN | J73: 150000 | K73: SOURCE_2025_HARIAN
A74: ARCH2025_BIAYA_03_P2_0073 | B74: active | C74: 2025 | D74: 3 | E74: 46099 | F74: 2 | G74: panen | H74: tojok | J74: 130000 | K74: SOURCE_2025_HARIAN
A75: ARCH2025_BIAYA_04_P1_0074 | B75: active | C75: 2025 | D75: 4 | F75: 1 | G75: panen | H75: ongkos mobil | I75: 24.197 x 120 | J75: 1976000 | K75: SOURCE_2025_HARIAN
A76: ARCH2025_BIAYA_04_P1_0075 | B76: active | C76: 2025 | D76: 4 | F76: 1 | G76: panen | H76: upah panen | I76: 24.197 x 170 | J76: 2767000 | K76: SOURCE_2025_HARIAN
A77: ARCH2025_BIAYA_04_P1_0076 | B77: active | C77: 2025 | D77: 4 | F77: 1 | G77: panen | H77: brondolan | J77: 400000 | K77: SOURCE_2025_HARIAN
A78: ARCH2025_BIAYA_04_P1_0077 | B78: active | C78: 2025 | D78: 4 | F78: 1 | G78: panen | H78: SPSI | J78: 150000 | K78: SOURCE_2025_HARIAN
A79: ARCH2025_BIAYA_04_P1_0078 | B79: active | C79: 2025 | D79: 4 | F79: 1 | G79: perawatan | H79: lansir | J79: 1500000 | K79: SOURCE_2025_HARIAN
A80: ARCH2025_BIAYA_04_P1_0079 | B80: active | C80: 2025 | D80: 4 | F80: 1 | G80: serba_serbi | H80: THR + minum | J80: 4650000 | K80: SOURCE_2025_HARIAN
A81: ARCH2025_BIAYA_04_P1_0080 | B81: active | C81: 2025 | D81: 4 | F81: 1 | G81: serba_serbi | H81: konsen + ganti ban | J81: 5700000 | K81: SOURCE_2025_HARIAN
A82: ARCH2025_BIAYA_04_P1_0081 | B82: active | C82: 2025 | D82: 4 | F82: 1 | G82: pupuk | H82: premi pupuk | J82: 975000 | K82: SOURCE_2025_HARIAN
A83: ARCH2025_BIAYA_04_P1_0082 | B83: active | C83: 2025 | D83: 4 | F83: 1 | G83: perawatan | H83: tunas | J83: 1180000 | K83: SOURCE_2025_HARIAN
A84: ARCH2025_BIAYA_04_P1_0083 | B84: active | C84: 2025 | D84: 4 | F84: 1 | G84: serba_serbi | H84: PLN | J84: 260000 | K84: SOURCE_2025_HARIAN
A85: ARCH2025_BIAYA_04_P1_0084 | B85: active | C85: 2025 | D85: 4 | F85: 1 | G85: serba_serbi | H85: serba serbi | J85: 3070000 | K85: SOURCE_2025_HARIAN
A86: ARCH2025_BIAYA_04_P1_0085 | B86: active | C86: 2025 | D86: 4 | F86: 1 | G86: serba_serbi | H86: perumahan | J86: 6250000 | K86: SOURCE_2025_HARIAN
A87: ARCH2025_BIAYA_04_P1_0086 | B87: active | C87: 2025 | D87: 4 | F87: 1 | G87: alat_berat | H87: alat berat | J87: 750000 | K87: SOURCE_2025_HARIAN
A88: ARCH2025_BIAYA_04_P1_0087 | B88: active | C88: 2025 | D88: 4 | F88: 1 | G88: pupuk | H88: urea | I88: 95 karung x 365.000 | J88: 34675000 | K88: SOURCE_2025_HARIAN
A89: ARCH2025_BIAYA_04_P1_0088 | B89: active | C89: 2025 | D89: 4 | F89: 1 | G89: pupuk | H89: pupuk NPK | I89: 19 karung x 385.000 | J89: 7315000 | K89: SOURCE_2025_HARIAN
A90: ARCH2025_BIAYA_04_P2_0089 | B90: active | C90: 2025 | D90: 4 | E90: 46120 | F90: 2 | G90: panen | H90: ongkos mobil | I90: 33.431 x 120 | J90: 3815000 | K90: SOURCE_2025_HARIAN
A91: ARCH2025_BIAYA_04_P2_0090 | B91: active | C91: 2025 | D91: 4 | E91: 46120 | F91: 2 | G91: panen | H91: upah panen | I91: 33.431 x 170 | J91: 7930000 | K91: SOURCE_2025_HARIAN
A92: ARCH2025_BIAYA_04_P2_0091 | B92: active | C92: 2025 | D92: 4 | E92: 46120 | F92: 2 | G92: panen | H92: brondolan | J92: 1000000 | K92: SOURCE_2025_HARIAN
A93: ARCH2025_BIAYA_04_P2_0092 | B93: active | C93: 2025 | D93: 4 | E93: 46120 | F93: 2 | G93: panen | H93: SPSI | J93: 350000 | K93: SOURCE_2025_HARIAN
A94: ARCH2025_BIAYA_04_P2_0093 | B94: active | C94: 2025 | D94: 4 | E94: 46120 | F94: 2 | G94: perawatan | H94: lansir | J94: 2250000 | K94: SOURCE_2025_HARIAN
A95: ARCH2025_BIAYA_04_P2_0094 | B95: active | C95: 2025 | D95: 4 | E95: 46120 | F95: 2 | G95: serba_serbi | H95: PLN | J95: 100000 | K95: SOURCE_2025_HARIAN
A96: ARCH2025_BIAYA_04_P2_0095 | B96: active | C96: 2025 | D96: 4 | E96: 46120 | F96: 2 | G96: serba_serbi | H96: serba serbi | J96: 2352000 | K96: SOURCE_2025_HARIAN
A97: ARCH2025_BIAYA_04_P2_0096 | B97: active | C97: 2025 | D97: 4 | E97: 46120 | F97: 2 | G97: serba_serbi | H97: gaji along, ijal + THR | J97: 8500000 | K97: SOURCE_2025_HARIAN
A98: ARCH2025_BIAYA_04_P2_0097 | B98: active | C98: 2025 | D98: 4 | E98: 46120 | F98: 2 | G98: alat_berat | H98: alat berat | J98: 6000000 | K98: SOURCE_2025_HARIAN
A99: ARCH2025_BIAYA_04_P2_0098 | B99: active | C99: 2025 | D99: 4 | E99: 46120 | F99: 2 | G99: pupuk | H99: premi pupuk | J99: 2375000 | K99: SOURCE_2025_HARIAN
A100: ARCH2025_BIAYA_04_P2_0099 | B100: active | C100: 2025 | D100: 4 | E100: 46120 | F100: 2 | G100: perawatan | H100: tunas | J100: 4585000 | K100: SOURCE_2025_HARIAN
...

Sheet STAGING_PEMUPUKAN_ARCHIVE
A1: tx_id | B1: status | C1: periode_tahun | D1: periode_bulan | E1: tanggal_bukti | F1: jenis_pupuk | G1: nama_pupuk | H1: dosis | I1: satuan | J1: jumlah | K1: blok_area | L1: keterangan | M1: status_realisasi | N1: source_row
A2: ARCH2025_PUPUK_02_001 | B2: active | C2: 2025 | D2: 2 | F2: Dolomit | G2: Dolomit | H2: 1.5 | I2: kg | J2: 135 | K2: semua | L2: Februari - Dolomit; dosis besar=1.5, kecil=1 | M2: Selesai | N2: SOURCE_2025_PUPUK
A3: ARCH2025_PUPUK_03_002 | B3: active | C3: 2025 | D3: 3 | F3: RP | G3: RP | H3: 1.5 | I3: kg | J3: 135 | K3: semua | L3: Maret - RP; dosis besar=1.5, kecil=1 | M3: Selesai | N3: SOURCE_2025_PUPUK
A4: ARCH2025_PUPUK_04_003 | B4: active | C4: 2025 | D4: 4 | F4: Urea | G4: Urea | H4: 1.5 | I4: kg | J4: 95 | K4: semua | L4: April - Urea; dosis besar=1.5, kecil= | M4: Selesai | N4: SOURCE_2025_PUPUK
A5: ARCH2025_PUPUK_05_004 | B5: active | C5: 2025 | D5: 5 | F5: KCL | G5: KCL | H5: 1.5 | I5: kg | J5: 95 | K5: semua | L5: Mei - KCL; dosis besar=1.5, kecil= | M5: Selesai | N5: SOURCE_2025_PUPUK
A6: ARCH2025_PUPUK_06_005 | B6: active | C6: 2025 | D6: 6 | F6: NPK | G6: NPK | H6: 1 | I6: kg | J6: 19 | K6: semua | L6: Juni - NPK; dosis besar=, kecil=1 | M6: Selesai | N6: SOURCE_2025_PUPUK
A7: ARCH2025_PUPUK_08_006 | B7: active | C7: 2025 | D7: 8 | F7: Dolomit | G7: Dolomit | H7: 1.25 | I7: kg | J7: 122 | K7: semua | L7: Agustus - Dolomit; dosis besar=1.25, kecil=1 | M7: Selesai | N7: SOURCE_2025_PUPUK
A8: ARCH2025_PUPUK_09_007 | B8: active | C8: 2025 | D8: 9 | F8: RP | G8: RP | H8: 1.25 | I8: kg | J8: 127 | K8: semua | L8: September - RP; dosis besar=1.25, kecil=1 | M8: Selesai | N8: SOURCE_2025_PUPUK
A9: ARCH2025_PUPUK_10_008 | B9: active | C9: 2025 | D9: 10 | F9: Urea | G9: Urea | H9: 1.25 | I9: kg | J9: 130 | K9: semua | L9: Oktober - Urea; dosis besar=1.25, kecil=1 | M9: Selesai | N9: SOURCE_2025_PUPUK
A10: ARCH2025_PUPUK_11_009 | B10: active | C10: 2025 | D10: 11 | F10: KCL | G10: KCL | H10: 1.25 | I10: kg | J10: 130 | K10: semua | L10: November - KCL; dosis besar=1.25, kecil=1 | M10: Selesai | N10: SOURCE_2025_PUPUK
A11: ARCH2025_PUPUK_12_010 | B11: active | C11: 2025 | D11: 12 | F11: borat | G11: borat | H11: 0.13 | I11: kg | J11: 20 | K11: semua | L11: Desember - borat; dosis besar=0.13, kecil=0.13 | M11: Selesai | N11: SOURCE_2025_PUPUK

Sheet STAGING_KAS_ARCHIVE
A1: tx_id | B1: status | C1: periode_tahun | D1: periode_bulan | E1: tanggal_bukti | F1: panen_ke | G1: jenis_kas | H1: keterangan | I1: jumlah | J1: akun_sumber | K1: akun_tujuan | L1: source_row
A2: ARCH2025_KAS_03_P2_0001 | B2: active | C2: 2025 | D2: 3 | E2: 46099 | F2: 2 | G2: transfer | H2: transfer | I2: 25000000 | L2: SOURCE_2025_HARIAN
A3: ARCH2025_KAS_05_P1_0002 | B3: active | C3: 2025 | D3: 5 | E3: 46134 | F3: 1 | G3: kas_masuk | H3: kas | I3: 21000000 | L3: SOURCE_2025_HARIAN
A4: ARCH2025_KAS_05_P1_0003 | B4: active | C4: 2025 | D4: 5 | E4: 46134 | F4: 1 | G4: transfer | H4: transfer | I4: 29000000 | L4: SOURCE_2025_HARIAN
A5: ARCH2025_KAS_05_P2_0004 | B5: active | C5: 2025 | D5: 5 | E5: 46148 | F5: 2 | G5: kas_masuk | H5: kas | I5: 5282480 | L5: SOURCE_2025_HARIAN
A6: ARCH2025_KAS_05_P2_0005 | B6: active | C6: 2025 | D6: 5 | E6: 46148 | F6: 2 | G6: potong_pinjaman | H6: potong pinjaman | I6: 1897080 | L6: SOURCE_2025_HARIAN
A7: ARCH2025_KAS_06_P1_0006 | B7: active | C7: 2025 | D7: 6 | E7: 46187 | F7: 1 | G7: pinjaman | H7: pinjaman | I7: 7300000 | L7: SOURCE_2025_HARIAN
A8: ARCH2025_KAS_06_P2_0007 | B8: active | C8: 2025 | D8: 6 | E8: 46201 | F8: 2 | G8: pinjaman | H8: pinjaman | I8: 1500000 | L8: SOURCE_2025_HARIAN
A9: ARCH2025_KAS_06_P2_0008 | B9: active | C9: 2025 | D9: 6 | E9: 46201 | F9: 2 | G9: potong_pinjaman | H9: potong pinjaman | I9: 6300000 | L9: SOURCE_2025_HARIAN
A10: ARCH2025_KAS_07_P1_0009 | B10: active | C10: 2025 | D10: 7 | E10: 46213 | F10: 1 | G10: pinjaman | H10: pinjaman | I10: 4000000 | L10: SOURCE_2025_HARIAN
A11: ARCH2025_KAS_07_P2_0010 | B11: active | C11: 2025 | D11: 7 | E11: 46226 | F11: 2 | G11: kas_masuk | H11: kas | I11: 6726150 | L11: SOURCE_2025_HARIAN
A12: ARCH2025_KAS_07_P2_0011 | B12: active | C12: 2025 | D12: 7 | E12: 46226 | F12: 2 | G12: pinjaman | H12: pinjaman | I12: 1000000 | L12: SOURCE_2025_HARIAN
A13: ARCH2025_KAS_07_P2_0012 | B13: active | C13: 2025 | D13: 7 | E13: 46226 | F13: 2 | G13: potong_pinjaman | H13: potong pinjaman | I13: 5400000 | L13: SOURCE_2025_HARIAN
... A39: ARCH2025_KAS_12_P1_0038 | B39: active | C39: 2025 | D39: 12 | E39: 46350 | F39: 1 | G39: transfer | H39: transfer | I39: 62000000 | L39: SOURCE_2025_HARIAN

Sheet ARCHIVE_PEMUPUKAN
A1: tx_id | B1: status | C1: periode_tahun | D1: periode_bulan | E1: tanggal_bukti | F1: jenis_pupuk | G1: nama_pupuk | H1: dosis | I1: satuan | J1: jumlah | K1: blok_area | L1: keterangan | M1: status_realisasi | N1: source_row | O1: archived_at | P1: archive_version | Q1: created_at | R1: updated_at | S1: sumber_file | T1: batch_id | U1: archive_source | V1: closed_year | W1: closed_to_year | X1: close_year_batch_id
A2: ARCH2025_PUPUK_02_001 | B2: active | C2: 2025 | D2: 2 | F2: Dolomit | G2: Dolomit | H2: 1.5 | I2: sak | J2: 135 | K2: semua | L2: semester 1 | M2: Selesai | N2: SOURCE_2025_PUPUK | O2: 46183.423 | P2: V3_ARCHIVE_SEPARATE_STORAGE_3_IMPORT_SAFE
A3: ARCH2025_PUPUK_03_002 | B3: active | C3: 2025 | D3: 3 | F3: RP | G3: RP | H3: 1.5 | I3: sak | J3: 135 | K3: semua | L3: semester 1 | M3: Selesai | N3: SOURCE_2025_PUPUK | O3: 46183.423 | P3: V3_ARCHIVE_SEPARATE_STORAGE_3_IMPORT_SAFE
A4: ARCH2025_PUPUK_04_003 | B4: active | C4: 2025 | D4: 4 | F4: Urea | G4: Urea | H4: 1.5 | I4: sak | J4: 95 | K4: semua | L4: semester 1 | M4: Selesai | N4: SOURCE_2025_PUPUK | O4: 46183.423 | P4: V3_ARCHIVE_SEPARATE_STORAGE_3_IMPORT_SAFE
A5: ARCH2025_PUPUK_05_004 | B5: active | C5: 2025 | D5: 5 | F5: KCL | G5: KCL | H5: 1.5 | I5: sak | J5: 95 | K5: semua | L5: semester 1 | M5: Selesai | N5: SOURCE_2025_PUPUK | O5: 46183.423 | P5: V3_ARCHIVE_SEPARATE_STORAGE_3_IMPORT_SAFE
A6: ARCH2025_PUPUK_06_005 | B6: active | C6: 2025 | D6: 6 | F6: NPK | G6: NPK | H6: 1 | I6: sak | J6: 19 | K6: semua | L6: semester 1 | M6: Selesai | N6: SOURCE_2025_PUPUK | O6: 46183.423 | P6: V3_ARCHIVE_SEPARATE_STORAGE_3_IMPORT_SAFE
A7: ARCH2025_PUPUK_08_006 | B7: active | C7: 2025 | D7: 8 | F7: Dolomit | G7: Dolomit | H7: 1.25 | I7: sak | J7: 122 | K7: semua | L7: semester 2 | M7: Selesai | N7: SOURCE_2025_PUPUK | O7: 46183.423 | P7: V3_ARCHIVE_SEPARATE_STORAGE_3_IMPORT_SAFE
A8: ARCH2025_PUPUK_09_007 | B8: active | C8: 2025 | D8: 9 | F8: RP | G8: RP | H8: 1.25 | I8: sak | J8: 127 | K8: semua | L8: semester 2 | M8: Selesai | N8: SOURCE_2025_PUPUK | O8: 46183.423 | P8: V3_ARCHIVE_SEPARATE_STORAGE_3_IMPORT_SAFE
A9: ARCH2025_PUPUK_10_008 | B9: active | C9: 2025 | D9: 10 | F9: Urea | G9: Urea | H9: 1.25 | I9: sak | J9: 130 | K9: semua | L9: semester 2 | M9: Selesai | N9: SOURCE_2025_PUPUK | O9: 46183.423 | P9: V3_ARCHIVE_SEPARATE_STORAGE_3_IMPORT_SAFE
A10: ARCH2025_PUPUK_11_009 | B10: active | C10: 2025 | D10: 11 | F10: KCL | G10: KCL | H10: 1.25 | I10: sak | J10: 130 | K10: semua | L10: semester 2 | M10: Selesai | N10: SOURCE_2025_PUPUK | O10: 46183.423 | P10: V3_ARCHIVE_SEPARATE_STORAGE_3_IMPORT_SAFE
A11: ARCH2025_PUPUK_12_010 | B11: active | C11: 2025 | D11: 12 | F11: borat | G11: borat | H11: 0.13 | I11: sak | J11: 20 | K11: semua | L11: semester 2 | M11: Selesai | N11: SOURCE_2025_PUPUK | O11: 46183.423 | P11: V3_ARCHIVE_SEPARATE_STORAGE_3_IMPORT_SAFE

Sheet MASTER_TARGET
A1: periode_tahun | B1: periode_bulan | C1: target_kg | D1: created_at | E1: updated_at

Sheet MASTER_PUPUK
A1: nama_pupuk | B1: status | C1: created_at | D1: updated_at | E1: catatan

Sheet MONTH_STATUS
A1: periode_tahun | B1: periode_bulan | C1: status_bulan | D1: closed_at | E1: closed_by | F1: keterangan | G1: created_at | H1: updated_at
A2: 2026 | B2: 1 | C2: open | G2: 2026-06-07T12:09:21.273Z | H2: 2026-06-07T12:09:21.273Z
A3: 2026 | B3: 2 | C3: open | G3: 2026-06-07T12:09:21.273Z | H3: 2026-06-07T12:09:21.273Z
A4: 2026 | B4: 3 | C4: open | G4: 2026-06-07T12:09:21.273Z | H4: 2026-06-07T12:09:21.273Z
A5: 2026 | B5: 4 | C5: open | G5: 2026-06-07T12:09:21.273Z | H5: 2026-06-07T12:09:21.273Z
A6: 2026 | B6: 5 | C6: open | G6: 2026-06-07T12:09:21.273Z | H6: 2026-06-07T12:09:21.273Z
A7: 2026 | B7: 6 | C7: open | G7: 2026-06-07T12:09:21.273Z | H7: 2026-06-07T12:09:21.273Z
A8: 2026 | B8: 7 | C8: open | G8: 2026-06-07T12:09:21.273Z | H8: 2026-06-07T12:09:21.273Z
A9: 2026 | B9: 8 | C9: open | G9: 2026-06-07T12:09:21.273Z | H9: 2026-06-07T12:09:21.273Z
A10: 2026 | B10: 9 | C10: open | G10: 2026-06-07T12:09:21.273Z | H10: 2026-06-07T12:09:21.273Z
A11: 2026 | B11: 10 | C11: open | G11: 2026-06-07T12:09:21.273Z | H11: 2026-06-07T12:09:21.273Z
A12: 2026 | B12: 11 | C12: open | G12: 2026-06-07T12:09:21.273Z | H12: 2026-06-07T12:09:21.273Z
A13: 2026 | B13: 12 | C13: open | G13: 2026-06-07T12:09:21.273Z | H13: 2026-06-07T12:09:21.273Z

Sheet APP_CONFIG
A1: key | B1: value | C1: keterangan | D1: updated_at
A2: ACTIVE_YEAR | B2: 2026 | C2: Rollback 8F: operasional masih tahun berjalan 2026. | D2: 46182.573
A3: APP_VERSION | B3: V3_CLEAN_UI_PORTING_FROM_V21_LAYOUT_2B_DIRECT_DASHBOARD_RENDER_SAFE | C3: Versi UI aktif V3 Clean | D3: 2026-06-07T13:46:23.197Z
A4: CONVERTER_VERSION | B4: V3_CLEAN_SOURCE_2026_CONVERTER_FULL_6_BIAYA_ABU_FINAL_SAFE | C4: Versi converter aktif | D4: 2026-06-07T12:03:19.171Z
A5: LAST_IMPORT_2026_AT | B5: 2026-06-07T12:09:21.987Z | C5: Waktu import 2026 terakhir | D5: 2026-06-07T12:09:22.280Z
A6: LAST_IMPORT_2026_BACKUP_STAMP | B6: 20260607_190916 | C6: Backup internal sebelum import 2026 | D6: 2026-06-07T12:09:22.702Z
A7: CURRENT_YEAR | B7: 2026 | C7: Alias tahun aktif aplikasi. Diubah oleh 8D Mulai Tahun Baru. | D7: 46182.452
A8: LAST_CLOSED_YEAR | B8: 2026 | C8: Tahun terakhir yang sudah tutup buku sebelum mulai tahun baru. | D8: 46182.452
A9: YEAR_CLOSING_VERSION | B9: V3_YEAR_CLOSING_8D_MULAI_TAHUN_BARU_SAFE | C9: Versi modul tutup buku terakhir. | D9: 46182.452

Sheet LOG_AKTIVITAS
A1: timestamp | B1: user | C1: action | D1: detail | E1: version
A2: 2026-06-07T11:46:53.647Z | B2: williardxc@gmail.com | C2: setupV3Check | D2: {"ok":true,"version":"V3_CLEAN_SOURCE_2026_CONVERTER_FULL_2","createdSheets":[],"fixedHeaders":["TX_PEMUPUKAN","MASTER_TARGET","MASTER_PUPUK","MONTH_STATUS","APP_CONFIG","LOG_AKTIVITAS"],"issues":[],"appConfig":{"ACTIVE_YEAR":2026,"APP_VERSION":"V3_CLEAN_START","CONVERTER_VERSION":"V3_CLEAN_SOURCE_2026_CONVERTER_FULL_2"}} | E2: V3_CLEAN_SOURCE_2026_CONVERTER_FULL_2
A3: 2026-06-07T11:47:08.760Z | B3: williardxc@gmail.com | C3: previewSource2026V3 | D3: {"ok":false,"summary":{"produksiKg":0,"penjualanRp":0,"biayaRp":27284,"kasRp":0,"transferRp":0,"rows":{"penjualan":0,"biaya":64,"kas":0,"pemupukan":0}},"validation":{"ok":false,"issues":["Produksi tidak cocok: 0 != 253117","Penjualan tidak cocok: 0 != 848374000","Biaya tidak cocok: 27284 != 434989430","Transfer tidak cocok: 0 != 403289430","Rows penjualan tidak cocok: 0 != 53","Rows biaya tidak cocok: 64 != 156","Rows kas tidak cocok: 0 != 33"]}} | E3: V3_CLEAN_SOURCE_2026_CONVERTER_FULL_2
A4: 2026-06-07T11:52:09.680Z | B4: williardxc@gmail.com | C4: setupV3Check | D4: {"ok":true,"version":"V3_CLEAN_SOURCE_2026_CONVERTER_FULL_3_NUMERIC_SAFE","createdSheets":[],"fixedHeaders":[],"issues":[],"appConfig":{"ACTIVE_YEAR":2026,"APP_VERSION":"V3_CLEAN_START","CONVERTER_VERSION":"V3_CLEAN_SOURCE_2026_CONVERTER_FULL_3_NUMERIC_SAFE"}} | E4: V3_CLEAN_SOURCE_2026_CONVERTER_FULL_3_NUMERIC_SAFE
A5: 2026-06-07T11:52:20.563Z | B5: williardxc@gmail.com | C5: previewSource2026V3 | D5: {"ok":false,"summary":{"produksiKg":253117,"penjualanRp":848374000,"biayaRp":407732714,"kasRp":605843200,"transferRp":403289430,"rows":{"penjualan":53,"biaya":156,"kas":33,"pemupukan":0}},"validation":{"ok":false,"issues":["Biaya tidak cocok: 407732714 != 434989430"]}} | E5: V3_CLEAN_SOURCE_2026_CONVERTER_FULL_3_NUMERIC_SAFE
A6: 2026-06-07T11:55:39.530Z | B6: williardxc@gmail.com | C6: setupV3Check | D6: {"ok":true,"version":"V3_CLEAN_SOURCE_2026_CONVERTER_FULL_4_BIAYA_SAFE","createdSheets":[],"fixedHeaders":[],"issues":[],"appConfig":{"ACTIVE_YEAR":2026,"APP_VERSION":"V3_CLEAN_START","CONVERTER_VERSION":"V3_CLEAN_SOURCE_2026_CONVERTER_FULL_4_BIAYA_SAFE"}} | E6: V3_CLEAN_SOURCE_2026_CONVERTER_FULL_4_BIAYA_SAFE
A7: 2026-06-07T11:55:45.022Z | B7: williardxc@gmail.com | C7: previewSource2026V3 | D7: {"ok":false,"summary":{"produksiKg":253117,"penjualanRp":848374000,"biayaRp":407732714,"kasRp":605843200,"transferRp":403289430,"rows":{"penjualan":53,"biaya":156,"kas":33,"pemupukan":0}},"validation":{"ok":false,"issues":["Biaya tidak cocok: 407732714 != 434989430"]}} | E7: V3_CLEAN_SOURCE_2026_CONVERTER_FULL_4_BIAYA_SAFE
A8: 2026-06-07T11:57:48.271Z | B8: williardxc@gmail.com | C8: previewSource2026V3 | D8: {"ok":false,"summary":{"produksiKg":253117,"penjualanRp":848374000,"biayaRp":407732714,"kasRp":605843200,"transferRp":403289430,"rows":{"penjualan":53,"biaya":156,"kas":33,"pemupukan":0}},"validation":{"ok":false,"issues":["Biaya tidak cocok: 407732714 != 434989430"]}} | E8: V3_CLEAN_SOURCE_2026_CONVERTER_FULL_4_BIAYA_SAFE
A9: 2026-06-07T12:00:36.053Z | B9: williardxc@gmail.com | C9: setupV3Check | D9: {"ok":true,"version":"V3_CLEAN_SOURCE_2026_CONVERTER_FULL_5_CLEAN_REPLACE_SAFE","createdSheets":[],"fixedHeaders":[],"issues":[],"appConfig":{"ACTIVE_YEAR":2026,"APP_VERSION":"V3_CLEAN_START","CONVERTER_VERSION":"V3_CLEAN_SOURCE_2026_CONVERTER_FULL_5_CLEAN_REPLACE_SAFE"}} | E9: V3_CLEAN_SOURCE_2026_CONVERTER_FULL_5_CLEAN_REPLACE_SAFE
A10: 2026-06-07T12:00:41.482Z | B10: williardxc@gmail.com | C10: previewSource2026V3 | D10: {"ok":false,"summary":{"produksiKg":253117,"penjualanRp":848374000,"biayaRp":407732714,"kasRp":605843200,"transferRp":403289430,"rows":{"penjualan":53,"biaya":156,"kas":33,"pemupukan":0}},"validation":{"ok":false,"issues":["Biaya tidak cocok: 407732714 != 434989430"]}} | E10: V3_CLEAN_SOURCE_2026_CONVERTER_FULL_5_CLEAN_REPLACE_SAFE
A11: 2026-06-07T12:03:19.901Z | B11: williardxc@gmail.com | C11: setupV3Check | D11: {"ok":true,"version":"V3_CLEAN_SOURCE_2026_CONVERTER_FULL_6_BIAYA_ABU_FINAL_SAFE","createdSheets":[],"fixedHeaders":[],"issues":[],"appConfig":{"ACTIVE_YEAR":2026,"APP_VERSION":"V3_CLEAN_START","CONVERTER_VERSION":"V3_CLEAN_SOURCE_2026_CONVERTER_FULL_6_BIAYA_ABU_FINAL_SAFE"}} | E11: V3_CLEAN_SOURCE_2026_CONVERTER_FULL_6_BIAYA_ABU_FINAL_SAFE
A12: 2026-06-07T12:03:29.087Z | B12: williardxc@gmail.com | C12: previewSource2026V3 | D12: {"ok":false,"summary":{"produksiKg":253117,"penjualanRp":848374000,"biayaRp":407732714,"kasRp":605843200,"transferRp":403289430,"rows":{"penjualan":53,"biaya":156,"kas":33,"pemupukan":0}},"validation":{"ok":false,"issues":["Biaya tidak cocok: 407732714 != 434989430"]}} | E12: V3_CLEAN_SOURCE_2026_CONVERTER_FULL_6_BIAYA_ABU_FINAL_SAFE
... A32: 2026-06-07T13:46:25.082Z | B32: williardxc@gmail.com | C32: setupV3UiCheck | D32: {"ok":true,"version":"V3_CLEAN_UI_PORTING_FROM_V21_LAYOUT_2B_DIRECT_DASHBOARD_RENDER_SAFE","fixedHeaders":[],"activeYear":2026} | E32: V3_CLEAN_UI_PORTING_FROM_V21_LAYOUT_2B_DIRECT_DASHBOARD_RENDER_SAFE
A33: 46181.563 | C33: SAVE_INPUT_TX_V3 | D33: {"batch_id":"V3INPUT_2026_6_PANEN1_20260608_133114","label":"Juni PANEN 1","rows":{"penjualan":4,"biaya":10,"kas":3},"total":{"produksiKg":20392,"penjualanRp":64504440,"biayaRp":29464180,"kasRp":43749000}} | E33: V3_UI_BINDING_5G_SAVE_INPUT_TX_MANUAL_LOCK_SAFE
A34: 46181.613 | C34: SAVE_INPUT_TX_V3 | D34: {"batch_id":"V3INPUT_2026_6_PANEN3_20260608_144318","label":"Juni PANEN 3","rows":{"penjualan":1,"biaya":2,"kas":0},"total":{"produksiKg":25000,"penjualanRp":87500000,"biayaRp":7250000,"kasRp":0}} | E34: V3_UI_BINDING_5N_PRE_SAVE_BACKEND_CHECK_SAFE
A35: 46181.731 | C35: SAVE_PEMUPUKAN_INPUT_V3 | D35: {"batch_id":"V3PUPUK_2026_1_20260608_173316","periode_tahun":2026,"periode_bulan":1,"rows":1,"totalJumlah":130} | E35: V3_UI_BINDING_6B_PEMUPUKAN_HISTORY_VIEW_SAFE
A36: 46181.737 | C36: SAVE_PEMUPUKAN_INPUT_V3 | D36: {"batch_id":"V3PUPUK_2026_1_20260608_174106","periode_tahun":2026,"periode_bulan":1,"rows":1,"totalJumlah":130} | E36: V3_UI_BINDING_6B_PEMUPUKAN_HISTORY_VIEW_SAFE
A37: 46182.339 | C37: SAVE_PEMUPUKAN_INPUT_V3 | D37: {"batch_id":"V3PUPUK_2026_1_20260609_080733","periode_tahun":2026,"periode_bulan":1,"rows":1,"totalJumlah":130} | E37: V3_UI_BINDING_6F_PEMUPUKAN_DOSIS_DECIMAL_SAFE
A38: 46182.441 | B38: backup_akhir_tahun_8b2_folder_fix | C38: {"version":"V3_YEAR_CLOSING_8B2_BACKUP_FOLDER_FIX_SAFE","year":2026,"path":"BUKIT PRAGO V3 CLEAN / 03_BACKUP_V3","stampedFile":"backup_bukit_prago_v3_AKHIR_TAHUN_2026_20260609_103534.json","latestFile":"backup_bukit_prago_v3_AKHIR_TAHUN_TERBARU.json","previousFile":"backup_bukit_prago_v3_AKHIR_TAHUN_SEBELUMNYA.json"} | D38: V3_YEAR_CLOSING_8B2_BACKUP_FOLDER_FIX_SAFE
A39: 46182.444 | B39: tutup_buku_final_8c_lock_year | C39: {"version":"V3_YEAR_CLOSING_8C_TUTUP_BUKU_FINAL_LOCK_SAFE","year":2026,"status_tahun":"CLOSED","locked":true,"backup_file":"backup_bukit_prago_v3_AKHIR_TAHUN_TERBARU.json","backup_file_id":"1FFxCNnx5L1aUHS1i4bZePakTMz9tkSiJ","summary":{"rowsPenjualan":53,"rowsBiaya":156,"rowsKas":33,"rowsPemupukan":1,"produksiKg":253117,"penjualanRp":848374000,"biayaRp":434989430,"transferRp":403289430,"labaRp":413384570,"hpp":1719,"hargaRataRata":3352}} | D39: V3_YEAR_CLOSING_8C_TUTUP_BUKU_FINAL_LOCK_SAFE
A40: 46182.452 | B40: mulai_tahun_baru_8d | C40: {"version":"V3_YEAR_CLOSING_8D_MULAI_TAHUN_BARU_SAFE","oldActiveYear":2026,"newActiveYear":2027,"targetResult":{"year":2027,"appendedMonths":[1,2,3,4,5,6,7,8,9,10,11,12],"appendedCount":12,"message":"Target kosong/0 dibuat untuk bulan: 1, 2, 3, 4, 5, 6, 7, 8, 9, 10, 11, 12"}} | D40: V3_YEAR_CLOSING_8D_MULAI_TAHUN_BARU_SAFE
A41: 46182.573 | B41: ROLLBACK_ACTIVE_YEAR_2026 | C41: williardxc@gmail.com | D41: {"ok":true,"version":"V3_YEAR_CLOSING_8F_ROLLBACK_ACTIVE_2026_SAFE","message":"Rollback berhasil. ACTIVE_YEAR kembali ke 2026. Tahun 2026 OPEN. Tahun 2027 belum aktif.","activeYear":2026,"deletedYearStatus2027":1,"deletedMasterTarget2027":12,"yearStatusRows":[{"periode_tahun":2026,"status_tahun":"OPEN","locked":false,"closed_at":"","closed_by":"","backup_file":"","backup_file_id":"","backup_generated_at":"","summary_json":"","version":"V3_YEAR_CLOSING_8F_ROLLBACK_ACTIVE_2026_SAFE","updated_at":"2026-06-09 13:45:02","catatan":"Rollback 8F: 2026 dikembalikan sebagai tahun berjalan OPEN karena operasional masih 2026."}]} | E41: V3_YEAR_CLOSING_8F_ROLLBACK_ACTIVE_2026_SAFE
A42: 46184.488 | C42: SAVE_PEMUPUKAN_INPUT_V3 | D42: {"batch_id":"V3PUPUK_2026_6_20260611_114318","periode_tahun":2026,"periode_bulan":6,"rows":1,"totalJumlah":130} | E42: V3_UI_BINDING_6E_PEMUPUKAN_HISTORY_DATE_BACKEND_FIX_SAFE
A43: 46185.433 | C43: SAVE_PEMUPUKAN_INPUT_V3 | D43: {"batch_id":"V3PUPUK_2026_2_20260612_102401","rows":1,"totalJumlah":91} | E43: V3_CLEAN_FULL_REWRITE_ACTIVE_ARCHIVE_SAFE
A44: 46185.75 | C44: CLOSE_YEAR_STAGE2E_DUPLICATE_AUDIT | D44: {"year":2026,"ok":true,"issues":[]} | E44: V3_CLEAN_FULL_REWRITE_ACTIVE_ARCHIVE_SAFE
A45: 46185.75 | C45: CLOSE_YEAR_STAGE2E_DUPLICATE_AUDIT | D45: {"year":2026,"ok":true,"issues":[]} | E45: V3_CLEAN_FULL_REWRITE_ACTIVE_ARCHIVE_SAFE
A46: 46185.755 | C46: CLOSE_YEAR_STAGE2E_DUPLICATE_AUDIT | D46: {"year":2026,"ok":true,"issues":[]} | E46: V3_CLEAN_FULL_REWRITE_ACTIVE_ARCHIVE_SAFE
A47: 46185.755 | C47: CLOSE_YEAR_STAGE2E_DUPLICATE_AUDIT | D47: {"year":2026,"ok":true,"issues":[]} | E47: V3_CLEAN_FULL_REWRITE_ACTIVE_ARCHIVE_SAFE
A48: 46185.759 | C48: SAVE_PEMUPUKAN_INPUT_V3 | D48: {"batch_id":"V3PUPUK_2026_2_20260612_181231","rows":1,"totalJumlah":16} | E48: V3_CLEAN_FULL_REWRITE_ACTIVE_ARCHIVE_SAFE
A49: 46185.845 | C49: IMPORT_ARCHIVE_2024_APPENDED_V3 | D49: {"importYear":2024,"batchId":"IMPORT_ARCHIVE_2024_20260612_201620","appendResult":{"penjualan":{"stagingSheet":"STAGING_2024_PENJUALAN","archiveSheet":"ARCHIVE_PENJUALAN","appended":75},"biaya":{"stagingSheet":"STAGING_2024_BIAYA","archiveSheet":"ARCHIVE_BIAYA","appended":192},"kas":{"stagingSheet":"STAGING_2024_KAS","archiveSheet":"ARCHIVE_KAS","appended":0},"pemupukan":{"stagingSheet":"STAGING_2024_PEMUPUKAN","archiveSheet":"ARCHIVE_PEMUPUKAN","appended":0}},"backup":{"ok":true,"name":"BACKUP_BEFORE_IMPORT_ARCHIVE_2024_V3_20260612_201613","fileId":"1KigPhZ1GBEQAfXVyuerC-4iv1az3-9Z9VWnb0tHroFs","url":"https://docs.google.com/spreadsheets/d/1KigPhZ1GBEQAfXVyuerC-4iv1az3-9Z9VWnb0tHroFs/edit?usp=drivesdk","createdAt":"2026-06-12 20:16:20"}} | E49: V3_CLEAN_FULL_REWRITE_ACTIVE_ARCHIVE_SAFE
A50: 46185.845 | C50: CONFIRM_IMPORT_ARCHIVE_2024_V3 | D50: {"status":"OK_IMPORT_ARCHIVE_2024_DONE","importYear":2024,"batchId":"IMPORT_ARCHIVE_2024_20260612_201620","rowsImported":{"penjualan":{"stagingSheet":"STAGING_2024_PENJUALAN","archiveSheet":"ARCHIVE_PENJUALAN","appended":75},"biaya":{"stagingSheet":"STAGING_2024_BIAYA","archiveSheet":"ARCHIVE_BIAYA","appended":192},"kas":{"stagingSheet":"STAGING_2024_KAS","archiveSheet":"ARCHIVE_KAS","appended":0},"pemupukan":{"stagingSheet":"STAGING_2024_PEMUPUKAN","archiveSheet":"ARCHIVE_PEMUPUKAN","appended":0}},"expectedRows":{"penjualan":75,"biaya":192,"kas":0,"pemupukan":0},"expectedSummary":{"produksiKg":331247,"penjualanRp":892599850,"biayaRp":713685590,"kasRp":0,"transferRp":0,"pinjamanRp":0,"potongPinjamanRp":0,"kasMasukRp":0,"kasKeluarRp":0,"labaRp":178914260,"hppRpPerKg":2155,"hargaRataRpPerKg":2695,"rows":{"penjualan":75,"biaya":192,"kas":0,"pemupukan":0}},"backup":{"ok":true,"name":"BACKUP_BEFORE_IMPORT_ARCHIVE_2024_V3_20260612_201613","fileId":"1KigPhZ1GBEQAfXVyuerC-4iv1az3-9Z9VWnb0tHroFs","url":"https://docs.google.com/spreadsheets/d/1KigPhZ1GBEQAfXVyuerC-4iv1az3-9Z9VWnb0tHroFs/edit?usp=drivesdk","createdAt":"2026-06-12 20:16:20"},"validation":{"ok":true,"year":2024,"batchId":"IMPORT_ARCHIVE_2024_20260612_201620","archiveCounts":{"penjualan":75,"biaya":192,"kas":0,"pemupukan":0},"archiveSummary":{"produksiKg":331247,"penjualanRp":892599850,"biayaRp":713685590,"kasRp":0,"transferRp":0,"pinjamanRp":0,"potongPinjamanRp":0,"kasMasukRp":0,"kasKeluarRp":0,"labaRp":178914260,"hppRpPerKg":2155,"hargaRataRpPerKg":2695,"rows":{"penjualan":75,"biaya":192,"kas":0,"pemupukan":0}},"metricYearTablesOk":true,"batchAudit":{"ok":true,"batchId":"IMPORT_ARCHIVE_2024_20260612_201620","counts":{"penjualan":75,"biaya":192,"kas":0,"pemupukan":0},"total":267},"issues":[]}} | E50: V3_CLEAN_FULL_REWRITE_ACTIVE_ARCHIVE_SAFE
A51: 46185.867 | C51: SAVE_PEMUPUKAN_INPUT_V3 | D51: {"batch_id":"V3PUPUK_2026_4_20260612_204833","rows":1,"totalJumlah":12000} | E51: V3_CLEAN_FULL_REWRITE_ACTIVE_ARCHIVE_SAFE
A52: 46185.868 | C52: SAVE_PEMUPUKAN_INPUT_V3 | D52: {"batch_id":"V3PUPUK_2026_5_20260612_205026","rows":1,"totalJumlah":6} | E52: V3_CLEAN_FULL_REWRITE_ACTIVE_ARCHIVE_SAFE
A53: 46185.87 | C53: SAVE_PEMUPUKAN_INPUT_V3 | D53: {"batch_id":"V3PUPUK_2026_5_20260612_205246","rows":1,"totalJumlah":112} | E53: V3_CLEAN_FULL_REWRITE_ACTIVE_ARCHIVE_SAFE
... A127: 46211 | C127: BACKUP_DRIVE_DAILY_V3 | D127: {"ok":true,"verified":true,"mode":"DAILY","timestamp":"2026-07-07 23:58:59","folder":{"id":"1uZeA4OLr3ECNQR7505JNvV-MZuvTWA4I","name":"OPERASIONAL_2_SLOT","url":"https://drive.google.com/drive/folders/1uZeA4OLr3ECNQR7505JNvV-MZuvTWA4I","parentName":"03_BACKUP_V3"},"latest":{"id":"15i43fpRskwZ2wi9cdZmso8g1jWFOakAD_VeRRciEUwg","name":"BUKIT_PRAGO_V3_BACKUP_TERBARU","url":"https://docs.google.com/spreadsheets/d/15i43fpRskwZ2wi9cdZmso8g1jWFOakAD_VeRRciEUwg/edit?usp=drivesdk","sizeBytes":79780,"updatedAt":"2026-07-07 23:59:05"},"previous":{"id":"1S5U1wztQsEQB_TD1glFt6g0Q3CYgoO44YW7a_7VCO3c","name":"BUKIT_PRAGO_V3_BACKUP_SEBELUMNYA","url":"https://docs.google.com/spreadsheets/d/1S5U1wztQsEQB_TD1glFt6g0Q3CYgoO44YW7a_7VCO3c/edit?usp=drivesdk","sizeBytes":78807,"updatedAt":"2026-07-07 23:59:03"},"latestAvailable":true,"previousAvailable":true,"slotCount":2,"sourceSpreadsheetId":"1VvOfA3XovPv03PlEVv0fzMsF33QHj8kMnluAzRHrofg","sourceSpreadsheetName":"DATABASE APLIKASI KEBUN BUKIT PRAGO V3 CLEAN","activeYear":2026,"txTouched":false,"archiveTouched":false,"appConfigChanged":false} | E127: V3_FINAL_OPERATIONAL_BASELINE_2026_06_TRIGGER_SETUP_CANONICAL_VERIFIED_SAFE

Sheet Copy of harian
A1: Januari | B1: PANEN 1 | C1: x | D1: harga | E1: Jumlah | F1: BIAYA 1 | G1: keterangan | H1: Jumlah | I1: keterangan | J1: Jumlah | K1: pinjaman | L1: Jumlah
A2: 22/12 | B2: 3753 | C2: x | D2: 3080 | E2: =IF(OR(B2="", D2=""), 0, B2*D2) -> 11559240 | F2: ongkos mobil | G2: =FIXED('Copy of harian'!B8, 0, FALSE) & " x Rp 120" -> 21.753 x Rp 120 | H2: =IF(OR(G2="", G2="---", NOT(ISNUMBER(SEARCH(" x ", G2)))), 0, VALUE(SUBSTITUTE(LEFT(G2, SEARCH(" x ", G2)-1), ".", "")) * VALUE(MID(G2, SEARCH(" x ", G2)+3, LEN(G2)))) -> 2610360 | I2: kas | J2: 14000000
B3: 3194 | C3: x | D3: 3080 | E3: =IF(OR(B3="", D3=""), 0, B3*D3) -> 9837520 | F3: upah panen | G3: =FIXED('Copy of harian'!B8, 0, FALSE) & " x Rp 170" -> 21.753 x Rp 170 | H3: =IF(OR(G3="", G3="---", NOT(ISNUMBER(SEARCH(" x ", G3)))), 0, VALUE(SUBSTITUTE(LEFT(G3, SEARCH(" x ", G3)-1), ".", "")) * VALUE(MID(G3, SEARCH(" x ", G3)+3, LEN(G3)))) -> 3698010 | I3: panen 1 | J3: =E8 -> 66922800
B4: 6230 | C4: x | D4: 3080 | E4: =IF(OR(B4="", D4=""), 0, B4*D4) -> 19188400 | F4: brondolan | H4: 700000 | I4: biaya 1 | J4: =IF(H18>0, H18, "") -> 31133370
B5: 4754 | C5: x | D5: 3080 | E5: =IF(OR(B5="", D5=""), 0, B5*D5) -> 14642320 | F5: SPSI | H5: 250000 | I5: pinjaman | J5: 6000000
B6: 3822 | C6: x | D6: 3060 | E6: =IF(OR(B6="", D6=""), 0, B6*D6) -> 11695320 | F6: borate | G6: 29 karung x 490.000 | H6: 14210000 | I6: potong pinjaman
E7: =IF(OR(B7="", D7=""), "⏳", B7*D7) -> ⏳ | F7: premi pupuk | H7: 1400000
B8: =SUBTOTAL(9, B2:B7) -> 21753 | E8: =SUBTOTAL(9, E2:E7) -> 66922800 | F8: PLN | H8: 220000 | I8: total | J8: =IF(OR(B8=0, B8=""), 0, IFERROR(SUM(J2, J3, J6) - SUM(J4, J5) + J7, 0)) -> 43789430
F9: injektor hilux | H9: 4715000 | I9: transfer | J9: 43789430
F10: bibit | H10: 2000000 | I10: sisa | J10: =SUM(J8) - SUM(J9) -> 0
F11: berobat anggota | H11: 100000
F12: beras | H12: 1230000
I14: Profit: | J14: =IF(OR(B8=0, B8=""), 0, IFERROR(E8-H18, 0)) -> 35789430
G18: total | H18: =SUBTOTAL(9, H2:H17) -> 31133370
A19: Januari | B19: PANEN 2 | C19: x | D19: harga | E19: Jumlah | F19: BIAYA 2 | G19: keterangan | H19: Jumlah | I19: keterangan | J19: Jumlah | K19: pinjaman | L19: Jumlah
A20: 04/01 | B20: 5278 | C20: x | D20: 3080 | E20: =IF(OR(B20="", D20=""), 0, B20*D20) -> 16256240 | F20: ongkos mobil | G20: =FIXED('Copy of harian'!B26, 0, FALSE) & " x Rp 120" -> 18.207 x Rp 120 | H20: =IF(OR(G20="", G20="---", NOT(ISNUMBER(SEARCH(" x ", G20)))), 0, VALUE(SUBSTITUTE(LEFT(G20, SEARCH(" x ", G20)-1), ".", "")) * VALUE(MID(G20, SEARCH(" x ", G20)+3, LEN(G20)))) -> 2184840 | I20: kas
B21: 5392 | C21: x | D21: 3080 | E21: =IF(OR(B21="", D21=""), 0, B21*D21) -> 16607360 | F21: upah panen | G21: =FIXED('Copy of harian'!B26, 0, FALSE) & " x Rp 170" -> 18.207 x Rp 170 | H21: =IF(OR(G21="", G21="---", NOT(ISNUMBER(SEARCH(" x ", G21)))), 0, VALUE(SUBSTITUTE(LEFT(G21, SEARCH(" x ", G21)-1), ".", "")) * VALUE(MID(G21, SEARCH(" x ", G21)+3, LEN(G21)))) -> 3095190 | I21: panen 2 | J21: =E26 -> 55851450
B22: 4511 | C22: x | D22: 3050 | E22: =IF(OR(B22="", D22=""), 0, B22*D22) -> 13758550 | F22: brondolan | H22: 700000 | I22: biaya 2 | J22: =IF(H36>0, H36, "") -> 23185030
B23: 3026 | C23: x | D23: 3050 | E23: =IF(OR(B23="", D23=""), 0, B23*D23) -> 9229300 | F23: SPSI | H23: 200000 | I23: pinjaman
E24: =IF(OR(B24="", D24=""), "⏳", B24*D24) -> ⏳ | F24: gaji along, ijal | H24: 4500000 | I24: potong pinjaman | J24: 6000000
E25: =IF(OR(B25="", D25=""), "⏳", B25*D25) -> ⏳ | F25: durian | H25: 500000
B26: =SUBTOTAL(9, B20:B25) -> 18207 | E26: =SUBTOTAL(9, E20:E25) -> 55851450 | F26: jangkos | H26: 6000000 | I26: total | J26: =IF(OR(B26=0, B26=""), 0, IFERROR(SUM(J20, J21, J24) - SUM(J22, J23) + J25, 0)) -> 38666420
F27: babat | G27: 1,4 Ha x 750.000 | H27: 1050000 | I27: transfer | J27: 32000000
F28: lansir | H28: 750000 | I28: sisa | J28: =SUM(J26) - SUM(J27) -> 6666420
F29: ayam tahun baru | H29: 330000
F30: kabel PLN | H30: 100000
F31: babat | G31: harian | H31: 800000
F32: tunas | G32: 850 btg x 3.500 | H32: 2975000 | I32: Profit | J32: =IF(OR(B26=0, B26=""), 0, IFERROR(E26-H36, 0)) -> 32666420
G36: total | H36: =SUBTOTAL(9, H20:H35) -> 23185030
A37: Februari | B37: PANEN 1 | C37: x | D37: harga | E37: Jumlah | F37: BIAYA 1 | G37: keterangan | H37: Jumlah | I37: keterangan | J37: Jumlah | K37: pinjaman | L37: Jumlah
A38: 19/01 | B38: 3464 | C38: x | D38: 3070 | E38: =IF(OR(B38="", D38=""), 0, B38*D38) -> 10634480 | F38: ongkos mobil | G38: =FIXED('Copy of harian'!B44, 0, FALSE) & " x Rp 120" -> 20.807 x Rp 120 | H38: =IF(OR(G38="", G38="---", NOT(ISNUMBER(SEARCH(" x ", G38)))), 0, VALUE(SUBSTITUTE(LEFT(G38, SEARCH(" x ", G38)-1), ".", "")) * VALUE(MID(G38, SEARCH(" x ", G38)+3, LEN(G38)))) -> 2496840 | I38: kas | J38: 6000000
B39: 2172 | C39: x | D39: 3090 | E39: =IF(OR(B39="", D39=""), 0, B39*D39) -> 6711480 | F39: upah panen | G39: =FIXED('Copy of harian'!B44, 0, FALSE) & " x Rp 170" -> 20.807 x Rp 170 | H39: =IF(OR(G39="", G39="---", NOT(ISNUMBER(SEARCH(" x ", G39)))), 0, VALUE(SUBSTITUTE(LEFT(G39, SEARCH(" x ", G39)-1), ".", "")) * VALUE(MID(G39, SEARCH(" x ", G39)+3, LEN(G39)))) -> 3537190 | I39: panen 1 | J39: =E44 -> 64103490
B40: 5287 | C40: x | D40: 3090 | E40: =IF(OR(B40="", D40=""), 0, B40*D40) -> 16336830 | F40: brondolan | H40: 700000 | I40: biaya 1 | J40: =IF(H54>0, H54, "") -> 25689030
B41: 6043 | C41: x | D41: 3070 | E41: =IF(OR(B41="", D41=""), 0, B41*D41) -> 18552010 | F41: SPSI | H41: 250000 | I41: pinjaman | J41: 6000000
B42: 3841 | C42: x | D42: 3090 | E42: =IF(OR(B42="", D42=""), 0, B42*D42) -> 11868690 | F42: dolomit | G42: 128 karung x 50.000 | H42: 6400000 | I42: potong pinjaman
E43: =IF(OR(B43="", D43=""), "⏳", B43*D43) -> ⏳ | F43: premi pupuk | H43: 3200000
B44: =SUBTOTAL(9, B38:B43) -> 20807 | E44: =SUBTOTAL(9, E38:E43) -> 64103490 | F44: ongkos pupuk | H44: 400000 | I44: total | J44: =IF(OR(B44=0, B44=""), 0, IFERROR(SUM(J38, J39, J42) - SUM(J40, J41) + J43, 0)) -> 38414460
F45: PLN | G45: 2 kali | H45: 220000 | I45: transfer | J45: 23000000
F46: mancang | H46: 150000 | I46: sisa | J46: =SUM(J44) - SUM(J45) -> 15414460
F47: kir hilux + service | H47: 1785000
F48: lunas pintu + pasang | G48: 4.300.000 + 1.500.000 | H48: 5800000
F49: lansir | H49: 750000
I50: Profit | J50: =IF(OR(B44=0, B44=""), 0, IFERROR(E44-H54, 0)) -> 38414460
G54: total | H54: =SUBTOTAL(9, H38:H53) -> 25689030
A55: Februari | B55: PANEN 2 | C55: x | D55: harga | E55: Jumlah | F55: BIAYA 2 | G55: keterangan | H55: Jumlah | I55: keterangan | J55: Jumlah | K55: pinjaman | L55: Jumlah
A56: 02/02 | B56: 5655 | C56: x | D56: 3340 | E56: =IF(OR(B56="", D56=""), 0, B56*D56) -> 18887700 | F56: ongkos mobil | G56: =FIXED('Copy of harian'!B62, 0, FALSE) & " x Rp 120" -> 20.534 x Rp 120 | H56: =IF(OR(G56="", G56="---", NOT(ISNUMBER(SEARCH(" x ", G56)))), 0, VALUE(SUBSTITUTE(LEFT(G56, SEARCH(" x ", G56)-1), ".", "")) * VALUE(MID(G56, SEARCH(" x ", G56)+3, LEN(G56)))) -> 2464080 | I56: kas | J56: 15000000 | K56: tukang | L56: 500000
B57: 5820 | C57: x | D57: 3370 | E57: =IF(OR(B57="", D57=""), 0, B57*D57) -> 19613400 | F57: upah panen | G57: =FIXED('Copy of harian'!B62, 0, FALSE) & " x Rp 170" -> 20.534 x Rp 170 | H57: =IF(OR(G57="", G57="---", NOT(ISNUMBER(SEARCH(" x ", G57)))), 0, VALUE(SUBSTITUTE(LEFT(G57, SEARCH(" x ", G57)-1), ".", "")) * VALUE(MID(G57, SEARCH(" x ", G57)+3, LEN(G57)))) -> 3490780 | I57: panen 2 | J57: =E62 -> 69475890
B58: 4879 | C58: x | D58: 3410 | E58: =IF(OR(B58="", D58=""), 0, B58*D58) -> 16637390 | F58: brondolan | H58: 700000 | I58: biaya 2 | J58: =IF(H72>0, H72, "") -> 57499860
B59: 4180 | C59: x | D59: 3430 | E59: =IF(OR(B59="", D59=""), 0, B59*D59) -> 14337400 | F59: SPSI | H59: 200000 | I59: pinjaman
E60: =IF(OR(B60="", D60=""), "⏳", B60*D60) -> ⏳ | F60: pupuk RP | G60: 126 karung x 120.000 | H60: 15120000 | I60: potong pinjaman | J60: 6000000
E61: =IF(OR(B61="", D61=""), "⏳", B61*D61) -> ⏳ | F61: premi pupuk | G61: 126 karung x 25.000 | H61: 3150000
B62: =SUBTOTAL(9, B56:B61) -> 20534 | E62: =SUBTOTAL(9, E56:E61) -> 69475890 | F62: ongkos pupuk + susun | G62: 400.000 + 100.000 | H62: 500000 | I62: total | J62: =IF(OR(B62=0, B62=""), 0, IFERROR(SUM(J56, J57, J60) - SUM(J58, J59) + J61, 0)) -> 32976030
F63: gaji along, ijal | H63: 4500000 | I63: transfer
F64: belanjaan pintu | H64: 2490000 | I64: sisa | J64: =SUM(J62) - SUM(J63) -> 32976030
F65: pajak hilux | H65: 5200000
F66: jangkos | G66: 19 mobil x 500.000 | H66: 9500000
F67: kabel PLN | H67: 1500000
F68: tunas | G68: 140 btg x 4.000 | H68: 560000 | I68: Profit: | J68: =IF(OR(B62=0, B62=""), 0, IFERROR(E62-H72, 0)) -> 11976030
F69: babat | G69: 9,5 ha x 750.000 | H69: 7125000
F70: DP pintu | H70: 1000000
G72: total | H72: =SUBTOTAL(9, H56:H71) -> 57499860
A73: Maret | B73: PANEN 1 | C73: x | D73: harga | E73: Jumlah | F73: BIAYA 1 | G73: keterangan | H73: Jumlah | I73: keterangan | J73: Jumlah | K73: pinjaman | L73: Jumlah
A74: 15/02 | B74: 4449 | C74: x | D74: 3300 | E74: =IF(OR(B74="", D74=""), "⏳", B74*D74) -> 14681700 | F74: ongkos mobil | G74: =FIXED('Copy of harian'!B80, 0, FALSE) & " x Rp 120" -> 16.677 x Rp 120 | H74: =IF(OR(G74="", G74="---", NOT(ISNUMBER(SEARCH(" x ", G74)))), 0, VALUE(SUBSTITUTE(LEFT(G74, SEARCH(" x ", G74)-1), ".", "")) * VALUE(MID(G74, SEARCH(" x ", G74)+3, LEN(G74)))) -> 2001240 | I74: kas | J74: 32000000 | K74: tukang | L74: 500000
B75: 4836 | C75: x | D75: 3300 | E75: =IF(OR(B75="", D75=""), "⏳", B75*D75) -> 15958800 | F75: upah panen | G75: =FIXED('Copy of harian'!B80, 0, FALSE) & " x Rp 170" -> 16.677 x Rp 170 | H75: =IF(OR(G75="", G75="---", NOT(ISNUMBER(SEARCH(" x ", G75)))), 0, VALUE(SUBSTITUTE(LEFT(G75, SEARCH(" x ", G75)-1), ".", "")) * VALUE(MID(G75, SEARCH(" x ", G75)+3, LEN(G75)))) -> 2835090 | I75: panen 1 | J75: =E80 -> 55034100 | K75: DP pintu | L75: 1000000
B76: 3590 | C76: x | D76: 3300 | E76: =IF(OR(B76="", D76=""), "⏳", B76*D76) -> 11847000 | F76: brondolan | H76: 700000 | I76: biaya 1 | J76: =IF(H90>0, H90, "") -> 56729330
B77: 3802 | C77: x | D77: 3300 | E77: =IF(OR(B77="", D77=""), "⏳", B77*D77) -> 12546600 | F77: SPSI | H77: 200000 | I77: pinjaman | J77: 4000000
E78: =IF(OR(B78="", D78=""), "⏳", B78*D78) -> ⏳ | F78: urea | G78: 76 karung x 410.000 | H78: 31160000 | I78: potong pinjaman
E79: =IF(OR(B79="", D79=""), "⏳", B79*D79) -> ⏳ | F79: premi pupuk | G79: 89 karung x 25.000 | H79: 2225000
B80: =SUBTOTAL(9, B74:B79) -> 16677 | E80: =SUBTOTAL(9, E74:E79) -> 55034100 | F80: ongkos pupuk + susun | G80: 400.000 + 100.000 | H80: 500000 | I80: total | J80: =IF(OR(B80=0, B80=""), 0, IFERROR(SUM(J74, J75, J78) - SUM(J76, J77) + J79, 0)) -> 26304770
F81: Las angkong + ban | H81: 270000 | I81: transfer | J81: 24500000
F82: PLN | H82: 220000 | I82: sisa | J82: =SUM(J80) - SUM(J81) -> 1804770
F83: babat | G83: harian | H83: 400000
F84: urea | G84: 13 karung x 420.000 | H84: 5460000
F85: jok mobil | H85: 2000000
F86: jangkos | G86: 12 mbl x 500.000 | H86: 6000000 | I86: Profit: | J86: =IF(OR(B80=0, B80=""), 0, IFERROR(E80-H90, 0)) -> -1695230
F87: konsen | H87: 2000000
F88: beras | H88: 758000
G90: total | H90: =SUBTOTAL(9, H74:H89) -> 56729330
A91: Maret | B91: PANEN 2 | C91: x | D91: harga | E91: Jumlah | F91: BIAYA 2 | G91: keterangan | H91: Jumlah | I91: keterangan | J91: Jumlah | K91: pinjaman | L91: Jumlah
A92: 27/02 | B92: 3899 | C92: x | D92: 3210 | E92: =IF(OR(B92="", D92=""), "⏳", B92*D92) -> 12515790 | F92: ongkos mobil | G92: =FIXED('Copy of harian'!B98, 0, FALSE) & " x Rp 120" -> 30.204 x Rp 120 | H92: =IF(OR(G92="", G92="---", NOT(ISNUMBER(SEARCH(" x ", G92)))), 0, VALUE(SUBSTITUTE(LEFT(G92, SEARCH(" x ", G92)-1), ".", "")) * VALUE(MID(G92, SEARCH(" x ", G92)+3, LEN(G92)))) -> 3624480 | I92: kas | J92: 1804770 | K92: tukang | L92: 500000
B93: 5810 | C93: x | D93: 3210 | E93: =IF(OR(B93="", D93=""), "⏳", B93*D93) -> 18650100 | F93: upah panen | G93: =FIXED('Copy of harian'!B98, 0, FALSE) & " x Rp 170" -> 30.204 x Rp 170 | H93: =IF(OR(G93="", G93="---", NOT(ISNUMBER(SEARCH(" x ", G93)))), 0, VALUE(SUBSTITUTE(LEFT(G93, SEARCH(" x ", G93)-1), ".", "")) * VALUE(MID(G93, SEARCH(" x ", G93)+3, LEN(G93)))) -> 5134680 | I93: panen 2 | J93: =E98 -> 102378720 | K93: DP pintu | L93: 1000000
B94: 4982 | C94: x | D94: 3240 | E94: =IF(OR(B94="", D94=""), "⏳", B94*D94) -> 16141680 | F94: brondolan | H94: 1400000 | I94: biaya 2 | J94: =IF(H108>0, H108, "") -> 54321160 | K94: DP pintu | L94: 2000000
A95: 13/03 | B95: 6668 | C95: x | D95: 3550 | E95: =IF(OR(B95="", D95=""), "⏳", B95*D95) -> 23671400 | F95: SPSI | H95: 300000 | I95: pinjaman | J95: 4500000 | K95: anggota | L95: 4000000
B96: 3539 | C96: x | D96: 3550 | E96: =IF(OR(B96="", D96=""), "⏳", B96*D96) -> 12563450 | F96: premi pupuk borate | G96: harian | H96: 1200000 | I96: potong pinjaman | J96: 4000000
B97: 5306 | C97: x | D97: 3550 | E97: =IF(OR(B97="", D97=""), "⏳", B97*D97) -> 18836300 | F97: babat | G97: harian | H97: 1800000
B98: =SUBTOTAL(9, B92:B97) -> 30204 | E98: =SUBTOTAL(9, E92:E97) -> 102378720 | F98: PLN | H98: 220000 | I98: total | J98: =IF(OR(B98=0, B98=""), 0, IFERROR(SUM(J92, J93, J96) - SUM(J94, J95) + J97, 0)) -> 49362330
F99: konsen | H99: 3000000 | I99: transfer | J99: 49000000
F100: bon anggota berhenti | H100: 1098000 | I100: sisa | J100: =SUM(J98) - SUM(J99) -> 362330
F101: gaji along, ijal | H101: 4500000
F102: babat | H102: 6375000
F103: borate | G103: 3 karung x 520.000 | H103: 1560000
F104: pupuk abu ( KCL ) | G104: 6.120 x 2.300 | H104: 14076000 | I104: Profit: | J104: =IF(OR(B98=0, B98=""), 0, IFERROR(E98-H108, 0)) -> 48057560
F105: ongkos abu ( KCL ) | H105: 400000
F106: THR | H106: 7500000
F107: beras + minum | H107: 2133000
G108: total | H108: =SUBTOTAL(9, H92:H107) -> 54321160
A109: Maret | B109: PANEN 2 | C109: x | D109: harga | E109: Jumlah | F109: BIAYA 2 | G109: keterangan | H109: Jumlah | I109: keterangan | J109: Jumlah | K109: pinjaman | L109: Jumlah
A110: 27/03 | B110: 4093 | C110: x | D110: 3570 | E110: =IF(OR(B110="", D110=""), "⏳", B110*D110) -> 14612010 | F110: ongkos mobil | G110: =FIXED('Copy of harian'!B116, 0, FALSE) & " x Rp 120" -> 22.106 x Rp 120 | H110: =IF(OR(G110="", G110="---", NOT(ISNUMBER(SEARCH(" x ", G110)))), 0, VALUE(SUBSTITUTE(LEFT(G110, SEARCH(" x ", G110)-1), ".", "")) * VALUE(MID(G110, SEARCH(" x ", G110)+3, LEN(G110)))) -> 2652720 | I110: kas | K110: tukang | L110: 500000
B111: 7983 | C111: x | D111: 3540 | E111: =IF(OR(B111="", D111=""), "⏳", B111*D111) -> 28259820 | F111: upah panen | G111: =FIXED('Copy of harian'!B116, 0, FALSE) & " x Rp 170" -> 22.106 x Rp 170 | H111: =IF(OR(G111="", G111="---", NOT(ISNUMBER(SEARCH(" x ", G111)))), 0, VALUE(SUBSTITUTE(LEFT(G111, SEARCH(" x ", G111)-1), ".", "")) * VALUE(MID(G111, SEARCH(" x ", G111)+3, LEN(G111)))) -> 3758020 | I111: panen 1 | J111: =E116 -> 78506370 | K111: Dp pintu | L111: 1000000
B112: 5752 | C112: x | D112: 3540 | E112: =IF(OR(B112="", D112=""), "⏳", B112*D112) -> 20362080 | F112: brondolan | H112: 700000 | I112: biaya 1 | J112: =IF(H126>0, H126, "") -> 44351740 | K112: Dp pintu | L112: 2000000
...

Sheet BACKUP_TX_PENJUALAN_BEFORE_IMPO
A1: tx_id | B1: created_at | C1: updated_at | D1: status | E1: periode_tahun | F1: periode_bulan | G1: tanggal_bukti | H1: panen_kg | I1: harga | J1: jumlah | K1: keterangan | L1: sumber_file | M1: source_row

Sheet BACKUP_TX_BIAYA_BEFORE_IMPORT_2
A1: tx_id | B1: created_at | C1: updated_at | D1: status | E1: periode_tahun | F1: periode_bulan | G1: tanggal_bukti | H1: kategori | I1: biaya | J1: keterangan | K1: jumlah | L1: sumber_file | M1: source_row

Sheet BACKUP_TX_KAS_BEFORE_IMPORT_202
A1: tx_id | B1: created_at | C1: updated_at | D1: status | E1: periode_tahun | F1: periode_bulan | G1: tanggal_bukti | H1: jenis_kas | I1: keterangan | J1: jumlah | K1: akun_sumber | L1: akun_tujuan | M1: sumber_file | N1: source_row

Sheet BACKUP_TX_PEMUPUKAN_BEFORE_IMPO
A1: tx_id | B1: created_at | C1: updated_at | D1: status | E1: periode_tahun | F1: periode_bulan | G1: tanggal_bukti | H1: pupuk | I1: dosis | J1: status_realisasi | K1: keterangan | L1: sumber_file | M1: source_row | N1: source_row

Sheet BACKUP_ARCHIVE_PENJUALAN_2025_2
A1: tx_id | B1: status | C1: periode_tahun | D1: periode_bulan | E1: tanggal_bukti | F1: panen_ke | G1: panen_kg | H1: harga | I1: jumlah | J1: keterangan | K1: source_row | L1: archived_at | M1: archive_version

Sheet BACKUP_ARCHIVE_BIAYA_2025_20260
A1: tx_id | B1: status | C1: periode_tahun | D1: periode_bulan | E1: tanggal_bukti | F1: panen_ke | G1: kategori | H1: biaya | I1: keterangan | J1: jumlah | K1: source_row | L1: archived_at | M1: archive_version

Sheet BACKUP_ARCHIVE_KAS_2025_2026061
A1: tx_id | B1: status | C1: periode_tahun | D1: periode_bulan | E1: tanggal_bukti | F1: panen_ke | G1: jenis_kas | H1: keterangan | I1: jumlah | J1: akun_sumber | K1: akun_tujuan | L1: source_row | M1: archived_at | N1: archive_version

Sheet BACKUP_ARCHIVE_PEMUPUKAN_2025_2
A1: tx_id | B1: status | C1: periode_tahun | D1: periode_bulan | E1: tanggal_bukti | F1: jenis_pupuk | G1: nama_pupuk | H1: dosis | I1: satuan | J1: jumlah | K1: blok_area | L1: keterangan | M1: status_realisasi | N1: source_row | O1: archived_at | P1: archive_version
